name,type,target,method,follow_redirects,validate_tls,source,countries,catalog_id,service_id
"1310.io","http","1310.io","GET","true","true","downdetector","GB","v1:401fff7be741321f619e0dfb04085ce8b9fd1b092913355d066ca80e88512ddd","1310-io"
"1Password","http","1password.com","GET","true","true","downdetector","FR","v1:7c232a1bddd60aead5e0e47e3bed00ce8949ae965cc6f052a66a455c71a58bc1","1password"
"2dehands.be","http","2dehands.be","GET","true","true","downdetector","BE","v1:f73b085163f1689c7b80bdb00ea9cb54b61a6768f858d7a4421043310a6293bc","2dehands-be"
"4chan","http","www.4chan.org","GET","true","true","downdetector","AU|ID|NZ|GB","v1:e243b83cfabe55d1c76b3eee01baccd892acff9b6535ba8a324dc4844520566f","4chan"
"9292.nl","http","9292.nl","GET","true","true","downdetector","NL","v1:59e41bb0bc375d79f5a453c5478dbaea3b2f07ed490fc15f76e9b8ac4eaeeba2","9292-nl"
"abc.gob.ar","http","abc.gob.ar","GET","true","true","downdetector","AR","v1:157ed54f143745860ee60c3eaf0a658c2ebfc40c22c80f2f2002d7fc6feca7f9","abc-gob-ar"
"Accor Hotels","http","all.accor.com","GET","true","true","downdetector","AR|AU|BE|CA|CZ|CL|CO|DK|DE|EC|ES|FR|GT|HK|HR|IN|ID|IE|IT|KE|HU|MY|MX|NL|NZ|NG|NO|AT|PY|PE|PH|PL|PT|PR|RO|CH|SG|SI|SK|ZA|FI|SE|TR|GB|UY|GR|RS|UA|IL|AE|BH|MA|PK|TW|JP","v1:01d9677d9cb0301b7b1f75d85521b12001049c050fb31f58de0b7cac69bd1abe","accor-hotels"
"Adidas","http","www.adidas.com","GET","true","true","downdetector","AU|BE|CA|DE|ES|FR|IE|IT|MX|NL|AT|PL|CH|SG|ZA|SE|GB|JP","v1:a3e017e45ffe12cafd3a1f89e5abf988b65dcda342bf4fe457e986e86457d211","adidas"
"Adobe Connect","http","adobeconnect.com","GET","true","true","downdetector","AR|CA|CL|CO|DE|ES|HR|IE|IT|NL|PT|CH|TR|GB|TW","v1:fa90bd7f79de457fbd87abf100329c9ccc0d2e3c4018a6ea9ed0c28b870b0743","adobe-connect"
"ADP","http","www.adp.com","GET","true","true","downdetector","AR|AU|BE|CA|CZ|CL|CO|DK|DE|EC|ES|FR|HK|HR|IN|ID|IT|HU|MY|MX|NL|NZ|NO|AT|PE|PH|PL|PT|RO|CH|SG|SK|ZA|FI|SE|TR|GB|GR|IL|AE|PK|JP","v1:b9ada71bde0354355a2d9ba7147c540d00754f203271c28ac233a3ec085c32b9","adp"
"Adverts.ie","http","adverts.ie","GET","true","true","downdetector","IE","v1:c9adf9313ab6eabcbcbead2e8694e70f6ef4faf75918fabc10dcb5fad48ea884","adverts-ie"
"Adyen","http","www.adyen.com","GET","true","true","downdetector","NL","v1:b5beac312df11e1f61e4b27362dea5a50f58a1fcfe9b7a81e4e0b88feecdf4ad","adyen"
"AeroMexico","http","www.aeromexico.com","GET","true","true","downdetector","MX","v1:04c3b1e48225d5e0685019cfd3f35f32c7877a4f408397b2579b7db6722b4639","aeromexico"
"AfterPay","http","afterpay.com","GET","true","true","downdetector","AU","v1:5b21da62761619c9f93be55bcf2c602565ff7443027ec4d2b182789adb010ded","afterpay"
"AfterPay","http","afterpay.nl","GET","true","true","downdetector","NL","v1:00ecea507cf8bed214c070642f870dd72d412744fb991839143cd926ca21d432","afterpay"
"Air Asia","http","www.airasia.com","GET","true","true","downdetector","AU|HK|IN|ID|MY|PH|SG","v1:d1d78426861e2ae6a79fb6d7e9131b53332457b9f4880501aaf8721f83a54445","air-asia"
"Air Canada","http","www.aircanada.com","GET","true","true","downdetector","CA","v1:08a5cca1e025b4635cd74db58b00bc0e2d31f72aca823f6758221be30498c876","air-canada"
"Air China","http","www.airchina.com.cn","GET","true","true","downdetector","AU","v1:1007e03340c1ae736a5ca7423823ecdf9a1d6157f42b59bc0008239e8541def4","air-china"
"Air Transat","http","www.airtransat.com","GET","true","true","downdetector","CA","v1:ad9c6d50176a0fb0de887166f39f5d756b053001d7746cf2ce6910d35efad414","air-transat"
"Airable.fm","http","airable.fm","GET","true","true","downdetector","GB","v1:0a933112ed0464504cd168fca26a8eaefd2101a43a6042277c38121714fc8075","airable-fm"
"Airbnb","http","www.airbnb.com","GET","true","true","downdetector","AR|AU|BE|CA|CZ|CL|CO|DK|DE|EC|ES|FR|GT|HK|HR|IN|ID|IE|IT|KE|HU|MY|MX|NL|NZ|NG|NO|AT|PY|PE|PH|PL|PT|PR|RO|CH|SG|SI|SK|ZA|FI|SE|TR|GB|UY|GR|RS|UA|IL|AE|BH|MA|PK|TW|JP","v1:fbcf4c990b549e4c7ba0768e9f7b3b33e426097ada54a01f9c21e8b28ebc02a3","airbnb"
"Airtel","http","airtel.in","GET","true","true","downdetector","IN","v1:d381a7b78ca13720e35c89a9e6ea889fbed3ff78ef37bcbc82f01f5cbc50b28b","airtel"
"Airtel","http","airtel.com.ng","GET","true","true","downdetector","NG","v1:2d44b69b5fac8b53c68048641d970acb57fb67f700fb146e892f432c7c4e5974","airtel"
"Akamai","http","www.akamai.com","GET","true","true","downdetector","AR|AU|BE|CA|CZ|CL|CO|DK|DE|EC|ES|FR|GT|HK|HR|IN|ID|IE|IT|KE|HU|MY|MX|NL|NZ|NG|NO|AT|PY|PE|PH|PL|PT|PR|RO|CH|SG|SI|SK|ZA|FI|SE|TR|GB|UY|GR|RS|UA|IL|AE|BH|MA|PK|TW|JP","v1:b49026a7f078e99200211c45e860950184cd0dd591af84bc83e7af6519605e29","akamai"
"Aldi","http","aldi.com.au","GET","true","true","downdetector","AU","v1:a16fe8c0d9c0e20bcbedf6b1fdd65d562692fe482b3503fc33ed201a65ff8738","aldi"
"Aldi","http","aldi.be","GET","true","true","downdetector","BE","v1:772bfca9598ab462f926cf7bc532c773c3cb839f49b474a5e4c5ccd47710a10d","aldi"
"Aldi","http","aldi.es","GET","true","true","downdetector","ES","v1:8a1a7dc994f6a6165dc1ce3170b10f8f1f13c72568215d1a36c7edaabb557982","aldi"
"Aldi","http","aldi.fr","GET","true","true","downdetector","FR","v1:56776d372ece069aa29216b5f16bf01c59acaa47ff123cff0377e14715e580f8","aldi"
"Aldi","http","aldi.ie","GET","true","true","downdetector","IE","v1:cc4c1f0fda3077fe99c1df199a42b86ce8d0fbbfb04c33855ee1c5f332cf59ca","aldi"
"Aldi","http","aldi.it","GET","true","true","downdetector","IT","v1:ef317e042a0b09e4854e5e6653b26b983a868dd66c2196b347d7ae91da63ad76","aldi"
"Aldi","http","aldi.hu","GET","true","true","downdetector","HU","v1:33de31e79fb0c70aa8101b3a0a99b25987cc2756a9e82529f496f9159bc0cc53","aldi"
"Aldi","http","aldi.nl","GET","true","true","downdetector","NL","v1:4df619604e941c7fbedef79fbdf8735f1ac8d7c9c914de33b7d3224386a05c1b","aldi"
"Aldi","http","aldi.pl","GET","true","true","downdetector","PL","v1:ba275c38cf70e5b17ee7b8db268960c03944ce6eee9e2925d0e0dba5979dc8ac","aldi"
"Aldi","http","aldi.pt","GET","true","true","downdetector","PT","v1:02dabc92d4acd817b94cc0901e8a42a5b9ade55bb9d186180373b02753339e59","aldi"
"Aldi","http","aldi-suisse.ch","GET","true","true","downdetector","CH","v1:99e13907a4b188810a98bdbf793760e2063fb8ffa9ec13e051bdb5fef90bd835","aldi"
"Aldi","http","aldi.co.uk","GET","true","true","downdetector","GB","v1:ba594e93367e327dd4401634be801972efbae634a9a7ca7ec670aa2ba35de989","aldi"
"Aldi SÜD","http","www.aldi-sued.de","GET","true","true","downdetector","DE","v1:4576dab75d56cdc8d66be4eea4c024d4f6ee75bd621eaf1840cbce2f047f8a23","aldi-sud"
"Alibaba Cloud","http","alibabacloud.com","GET","true","true","downdetector","AR|AU|BE|CA|CZ|CL|CO|DK|DE|EC|ES|FR|GT|HK|HR|IN|ID|IE|IT|KE|HU|MY|MX|NL|NZ|NG|NO|AT|PY|PE|PH|PL|PT|PR|RO|CH|SG|SI|SK|ZA|FI|SE|TR|GB|UY|GR|RS|UA|IL|AE|BH|MA|PK|TW|JP","v1:d4a57077d800b7bf33a0602cfd62945e8150c85ca7cd71de8e229043d533d6b5","alibaba-cloud"
"Allegro","http","allegro.pl","GET","true","true","downdetector","PL","v1:05ae9956c0ca7e553b500bfef4d4b4f236aa4f9c5c8395645937269b946f6350","allegro"
"Allianz","http","www.allianz.com","GET","true","true","downdetector","AR|AU|BE|CA|CZ|CO|DK|DE|ES|FR|HK|HR|IN|ID|IE|IT|HU|MY|MX|NL|NO|AT|PL|PT|RO|CH|SG|SK|ZA|FI|SE|TR|GB|GR|JP","v1:97871d5c0826ebca12a4bdbe30dae710799320d0344de98048250efb3e750331","allianz"
"Amazon","http","amazon.com.au","GET","true","true","downdetector","AU","v1:58b1fdfa908e8eb71670ef5aa93eed1b5b890a7487f4ce8828be45d2e4cd1834","amazon"
"Amazon","http","amazon.com.be","GET","true","true","downdetector","BE","v1:9a521b3c91ff63e3a6a93cce2df8d4a3e60c244cef31e1eeb1e8a78e80eab1aa","amazon"
"Amazon","http","amazon.ca","GET","true","true","downdetector","CA","v1:6e25daa5fb122afb2d1369838d740c52ece8e4deede92bd603ce529fce67ee59","amazon"
"Amazon","http","amazon.de","GET","true","true","downdetector","DK|DE|AT","v1:47e4d3b403cc224fd1251d3745975db05379f7b6cb269246d741936ad6b10c30","amazon"
"Amazon","http","amazon.es","GET","true","true","downdetector","ES","v1:e024a919c4a60b96a9640ddd68180cd649f02657244fbeac396cb441bca7b060","amazon"
"Amazon","http","amazon.fr","GET","true","true","downdetector","FR","v1:60cefc3fd084eb6764b787e441369c34aef8e5f70b42afd0a9a2379a471d0d80","amazon"
"Amazon","http","amazon.in","GET","true","true","downdetector","IN","v1:035f37a7fade46bc75bf29914ae0fe7ce59d6466de13bda354ab0b1e198f0221","amazon"
"Amazon","http","amazon.ie","GET","true","true","downdetector","IE","v1:c27ad1da82981e15af3228455c449ea1731d769cab303170c256d8542a25a146","amazon"
"Amazon","http","amazon.it","GET","true","true","downdetector","IT","v1:44c9e743fc840b8f0b20e7d35a2cd1fef13b7fbb616e125655a685c2f398d4ed","amazon"
"Amazon","http","amazon.com.mx","GET","true","true","downdetector","MX","v1:883a3aec8f6990af3836023eff9729c020bb3896be7276c97acc3f718b759ede","amazon"
"Amazon","http","amazon.nl","GET","true","true","downdetector","NL","v1:c0db9994742f9c49b1c474b427496a3b69b14d2cfb6cc3cfa0c8e3440c966287","amazon"
"Amazon","http","amazon.pl","GET","true","true","downdetector","PL","v1:967e169eb1be9e13d89fe2bfaa3bc090c034fbc942c77a07854d23eacf1b9705","amazon"
"Amazon","http","amazon.sg","GET","true","true","downdetector","SG","v1:0603bbce29e8ff612545a6fac1b149605cb9256075021dbd521d71a1bea83584","amazon"
"Amazon","http","amazon.co.za","GET","true","true","downdetector","ZA","v1:6e4a378fa553aedf63fc71bedb39cb88b046edb6e94f04f46aa2b61432ef6028","amazon"
"Amazon","http","amazon.se","GET","true","true","downdetector","SE","v1:cffe510d1c554738d8c286fd02ceafc682703fec321bc781280f3f27c165a6bb","amazon"
"Amazon","http","amazon.com.tr","GET","true","true","downdetector","TR","v1:f37cd34a9bc5f3927b75bcff21aaa1e33b4277bda1c59c9c73399bf968eb6946","amazon"
"Amazon","http","amazon.co.uk","GET","true","true","downdetector","GB","v1:32c831c44920367933d6f5b81e1d5bda263e6738f0e96e460615deefbce8d8d1","amazon"
"Amazon","http","amazon.com","GET","true","true","downdetector","IL","v1:29e9f476cd02502b49e57261d65c8c812cfa14c047a0d06db90aee1129be8ad1","amazon"
"Amazon","http","amazon.ae","GET","true","true","downdetector","AE","v1:0dec4c07505b8b9dec486b26119db7c13110924b1899a8c399f030911610c478","amazon"
"Amazon","http","amazon.co.jp","GET","true","true","downdetector","JP","v1:fdef31807c7fbdd4f8aff54c743c4a014a7740351a146ebbfee366bfcc969331","amazon"
"Amazon Alexa","http","alexa.amazon.com","GET","true","true","downdetector","AU|CA|DE|ES|FR|IN|IT|NZ|AT|GB|JP","v1:834830b38153bf1c8f1d8933ca30f4caf17aa7b97aa1e145670a289d7b29f746","amazon-alexa"
"Amazon Flex","http","info.flex.amazon.com","GET","true","true","downdetector","AU|BE|CA|DK|DE|ES|FR|IN|IE|IT|MX|NL|AT|PL|SG|ZA|SE|TR|GB|IL|AE|JP","v1:1fcf622c39ccc2dfc088afc106ab01291a51f2a31b1e3756fc512c9fab4d17fd","amazon-flex"
"Amazon Prime Video","http","primevideo.com","GET","true","true","downdetector","AR|AU|BE|CA|CL|CO|DE|ES|FR|IN|IE|IT|MX|NL|NZ|AT|PL|PT|SG|ZA|FI|SE|GB|IL|JP","v1:99d9f660836d20b78167b4caa6155d30ed143225003f1e98bfc9323f59e0c868","amazon-prime-video"
"Amazon Seller Central","http","sellercentral.amazon.com.au","GET","true","true","downdetector","AU","v1:3a2d73ea1a1b43d4f4cc0e7b60bf01b37fc88e1ba970581fa808b7cc1969f883","amazon-seller-central"
"Amazon Seller Central","http","sellercentral.amazon.com.be","GET","true","true","downdetector","BE","v1:7db1c6378ac949664b3e36aea2640030d20acd3883fb00e0a96b60857480df87","amazon-seller-central"
"Amazon Seller Central","http","sellercentral.amazon.ca","GET","true","true","downdetector","CA","v1:b70a19d43874bbfdcca6c52b7ab1319ed605076bcbe55cc2889716c80b7a4309","amazon-seller-central"
"Amazon Seller Central","http","sellercentral.amazon.com","GET","true","true","downdetector","DK|AT|IL","v1:eacb22ceeda53f58e1f9c0987f66ac44f40dcc81c460453962b61d7baecc3968","amazon-seller-central"
"Amazon Seller Central","http","sellercentral.amazon.de","GET","true","true","downdetector","DE","v1:823f5f2672bd082849a0e4ea7037851669ae6ab3c0c948fa9e7a13a2b851eb38","amazon-seller-central"
"Amazon Seller Central","http","sellercentral.amazon.es","GET","true","true","downdetector","ES","v1:3c22530bcb73a8c72fc8bb0812d8dd31c14bf57f53a9f01fa0102ad561031ef2","amazon-seller-central"
"Amazon Seller Central","http","sellercentral.amazon.fr","GET","true","true","downdetector","FR","v1:233deeb98f7c7222d49f9b2424ba6394200a971a93de59bc9f62ef08337b1100","amazon-seller-central"
"Amazon Seller Central","http","sellercentral.amazon.in","GET","true","true","downdetector","IN","v1:a3999428bd89baa1bacc47d0ce74d69487c96b3b0935e4cbde0669f9f637b0f9","amazon-seller-central"
"Amazon Seller Central","http","sellercentral.amazon.ie","GET","true","true","downdetector","IE","v1:68d81ff8de2f477a6abba3996dfcd308bb808171033ca8583da58f7cb1219400","amazon-seller-central"
"Amazon Seller Central","http","sellercentral.amazon.it","GET","true","true","downdetector","IT","v1:20f0037dd9e30e5abef6a232b4cfcde314a8fb76f9fc46b1c6a396b7173f725f","amazon-seller-central"
"Amazon Seller Central","http","sellercentral.amazon.com.mx","GET","true","true","downdetector","MX","v1:288a23b61829f3352a20633943fc30922947b683829d1fc517645df4b13730eb","amazon-seller-central"
"Amazon Seller Central","http","sellercentral.amazon.nl","GET","true","true","downdetector","NL","v1:f648c334cf3ee60278f8c3d3dd032800a348f148da364089ad84c6b95260ba3d","amazon-seller-central"
"Amazon Seller Central","http","sellercentral.amazon.pl","GET","true","true","downdetector","PL","v1:469675035955420aac96e5b21c02f8a0c89d537358bdf42dff4759e59b306e69","amazon-seller-central"
"Amazon Seller Central","http","sellercentral.amazon.sg","GET","true","true","downdetector","SG","v1:5491f13cab0027c4c297a4c53f6e1b040abd192d743feeb4a10f9b2f794bee8f","amazon-seller-central"
"Amazon Seller Central","http","sellercentral.amazon.co.za","GET","true","true","downdetector","ZA","v1:7c5a22a337ee0f3c25929326481c07f75ee069e9733f2bbf89047ebaed16903b","amazon-seller-central"
"Amazon Seller Central","http","sellercentral.amazon.se","GET","true","true","downdetector","SE","v1:893036c2d242c93a0a4f603a72426899ebd414a45ee81217878379ed1af4b186","amazon-seller-central"
"Amazon Seller Central","http","sellercentral.amazon.com.tr","GET","true","true","downdetector","TR","v1:a9a93fc409038ae99ba5eea16c2397cd364f969aeaa6457e4a4c41c4722eb36f","amazon-seller-central"
"Amazon Seller Central","http","sellercentral.amazon.co.uk","GET","true","true","downdetector","GB","v1:6edfd407ba290c7c2e658dc1fc9fe7dbf1bf7fa80812ea6a626716b32031cb51","amazon-seller-central"
"Amazon Seller Central","http","sellercentral.amazon.ae","GET","true","true","downdetector","AE","v1:32699f4ba95a7508b851f12c484efd703d1748084e5cf233290691c1120b8cce","amazon-seller-central"
"Amazon Seller Central","http","sellercentral.amazon.co.jp","GET","true","true","downdetector","JP","v1:0f1fbe64ca22b89fbe6db3c49bed26fca07bd059abcd1de8b845496aa1c8f5ac","amazon-seller-central"
"Among Us","http","innersloth.com","GET","true","true","downdetector","AR|AU|BE|CA|CZ|CL|CO|DK|DE|EC|ES|FR|GT|HK|HR|IN|ID|IE|IT|KE|HU|MY|MX|NL|NZ|NG|NO|AT|PY|PE|PH|PL|PT|PR|RO|CH|SG|SI|SK|ZA|FI|SE|TR|GB|UY|GR|RS|UA|IL|AE|BH|MA|PK|TW|JP","v1:6b9f7c9a347ba3ea1bd360a5b010014578e8067dea2c21e33bc87738385795af","among-us"
"Anydesk","http","anydesk.com","GET","true","true","downdetector","AR|AU|BE|CA|CZ|CL|CO|DK|DE|EC|ES|FR|GT|HK|HR|IN|ID|IE|IT|KE|HU|MY|MX|NL|NZ|NG|NO|AT|PE|PH|PL|PT|PR|RO|CH|SG|SK|ZA|FI|SE|TR|GB|GR|RS|UA|IL|AE|BH|MA|PK|TW|JP","v1:9cc8585f43ab8c89802c90c25c1bcc1345c14ba88281213fbfe506c552eada3f","anydesk"
"Apex Legends","http","www.ea.com","GET","true","true","downdetector","AR|AU|BE|CA|CZ|CL|CO|DK|DE|EC|ES|FR|GT|HK|HR|IN|ID|IE|IT|KE|HU|MY|MX|NL|NZ|NG|NO|AT|PY|PE|PH|PL|PT|PR|RO|CH|SG|SI|SK|ZA|FI|SE|TR|GB|UY|GR|RS|UA|IL|AE|BH|MA|PK|TW|JP","v1:d97502777a8af78c1df3057d09ccbe6c9f9b01d390ec3f2c84dda5471d7d3f80","apex-legends"
"App Store","http","apps.apple.com","GET","true","true","downdetector","AR|AU|BE|CA|CZ|CL|CO|DK|DE|EC|ES|FR|GT|HK|HR|IN|ID|IE|IT|KE|HU|MY|MX|NL|NZ|NG|NO|AT|PY|PE|PH|PL|PT|PR|RO|CH|SG|SI|SK|ZA|FI|SE|TR|GB|UY|GR|RS|UA|IL|AE|BH|MA|PK|TW|JP","v1:4dcf9210e3c58d0b50375caa12adbfe13ffaf236069352709defee81d224bebd","app-store"
"AppDynamics","http","appdynamics.com","GET","true","true","downdetector","AR|AU|BE|CA|CZ|CL|CO|DK|DE|EC|ES|FR|GT|HK|HR|IN|ID|IE|IT|KE|HU|MY|MX|NL|NZ|NG|NO|AT|PY|PE|PH|PL|PT|PR|RO|CH|SG|SI|SK|ZA|FI|SE|TR|GB|UY|GR|RS|UA|IL|AE|BH|MA|PK|TW|JP","v1:06a2a0495cb088939d0986aa74fcdd9ff7e542503ee0056d61a5858806e5bd94","appdynamics"
"Apple HomeKit","http","apple.com","GET","true","true","downdetector","AR|AU|BE|CA|CZ|CL|CO|DK|DE|EC|ES|FR|HK|HR|IN|ID|IE|IT|HU|MY|MX|NL|NZ|NO|AT|PE|PH|PL|PT|RO|CH|SG|SK|ZA|FI|SE|TR|GB|GR|IL|AE|PK|JP","v1:daf078b67899c60ceccf4ed52084ab767d25913259a8ca860a3dd3f55535c440","apple-homekit"
"Apple Maps","http","www.apple.com","GET","true","true","downdetector","AR|AU|BE|CA|CZ|CL|CO|DK|DE|EC|ES|FR|GT|HK|HR|IN|ID|IE|IT|KE|HU|MY|MX|NL|NZ|NG|NO|AT|PY|PE|PH|PL|PT|PR|RO|CH|SG|SI|SK|ZA|FI|SE|TR|GB|UY|GR|RS|UA|IL|AE|BH|MA|PK|TW|JP","v1:66fb4f0da6cfb2de2f3c35de50360082340af2f7ce6f08403c7fa5982c982fa6","apple-maps"
"Apple Music","http","music.apple.com","GET","true","true","downdetector","AU|CA|DE|NL|GB|IL","v1:3111263e7bf482dd979db2100afa611e98fd7c0ea84c4e61690208837be190be","apple-music"
"Apple News","http","www.apple.com","GET","true","true","downdetector","AU|GB","v1:26f4024a3016ee3f379a7e5597c9a1bebb2383524aadb782bff320c8b07af29c","apple-news"
"Apple Pay","http","apple.com","GET","true","true","downdetector","AR|AU|BE|CA|CZ|CL|CO|DK|DE|EC|ES|FR|GT|HK|HR|IN|ID|IE|IT|KE|HU|MY|MX|NL|NZ|NG|NO|AT|PY|PE|PH|PL|PT|PR|RO|CH|SG|SI|SK|ZA|FI|SE|TR|GB|UY|GR|RS|UA|IL|AE|BH|MA|PK|TW|JP","v1:93ea5dd6f2812897db0562392162c2f2da72108ab1fce88c8fd490faab4b312b","apple-pay"
"Apple Store","http","www.apple.com","GET","true","true","downdetector","AR|AU|BE|CA|CZ|CL|CO|DK|DE|EC|ES|FR|GT|HK|HR|IN|ID|IE|IT|KE|HU|MY|MX|NL|NZ|NG|NO|AT|PY|PE|PH|PL|PT|PR|RO|CH|SG|SI|SK|ZA|FI|SE|TR|GB|UY|GR|RS|UA|IL|AE|BH|MA|PK|TW|JP","v1:df2a1e6f03d2cbf11d59f2bf8fa2a363f6ac7333a25ee58d6bad903c17bc51ac","apple-store"
"Arch Linux","http","www.archlinux.org","GET","true","true","downdetector","CA","v1:c1d4c3cde35bfe9e15610b728adc67318f603b9e87dafd32777f7c3c229ceeb2","arch-linux"
"Archive of Our Own","http","archiveofourown.org","GET","true","true","downdetector","AR|AU|BE|CA|CZ|CL|CO|DK|DE|EC|ES|FR|HK|HR|IN|ID|IE|IT|HU|MY|MX|NL|NZ|NO|AT|PE|PH|PL|PT|RO|CH|SG|SK|ZA|FI|SE|TR|GB|GR|AE|PK|JP","v1:b72eef9608e0be6d2da151786ed49e045aa577426d4b2f45f63acfe565bf798a","archive-of-our-own"
"Argos","http","argos.ie","GET","true","true","downdetector","IE","v1:5304b95a7fa3b242e11be3a7540edb2a43f277e07b62dd3526e764231701e413","argos"
"Argos","http","argos.co.uk","GET","true","true","downdetector","GB","v1:958f84eda8fdcd59d3d1d9dbc583d189657ffb8559f2a51551466f4520c111b3","argos"
"Ariston Net","http","discover.ariston-net.remotethermo.com","GET","true","true","downdetector","AU|BE|DE|ES|FR|IT|PL|PT|RO|ZA|GB|GR","v1:92d58f48b39bb06e121865a120aa4419fc810e0124c8ef89420dd3bfb718b8dc","ariston-net"
"ARK: Survival Evolved","http","survivetheark.com","GET","true","true","downdetector","AU|CA|DE|ES|FR|IN|IE|IT|MX|NL|PL|PT|GB","v1:3e8304452701fbf028972826d66337b364f1dfa72218d6dd1e5d0758d111af70","ark-survival-evolved"
"Arlo","http","www.arlo.com","GET","true","true","downdetector","GB","v1:d3b3cb2b5c50962053646b63a3aaeddcc448618a3af22c3fde4518e828f55416","arlo"
"Artlist.io","http","artlist.io","GET","true","true","downdetector","GB","v1:3a2cc4be1fcec16bca7cfc7564d3d8de4ba1efc82014602f99ac5aa511a8d7fd","artlist-io"
"Asana","http","asana.com","GET","true","true","downdetector","AU|CA|DK|DE|FR|IN|MX|PL|GB","v1:b15f2ff3c78ab75ce811b52eb3b5ae4d816ed0693ff8865b97f3ddcaa2a3b017","asana"
"Asda","http","www.asda.com","GET","true","true","downdetector","GB","v1:6bb4c9e94d1aae4cd98d032f2589a75f486e7fb1d2d298e9b8780f5338ed0923","asda"
"Aston Martin","http","www.astonmartin.com","GET","true","true","downdetector","AU|BE|CA|DE|ES|FR|IT|NL|PT|CH|SG|GB|AE|JP","v1:382a6571002710c5764d0f640101e08527a776629ba2ba0ef35c89738885237d","aston-martin"
"Astra Security","http","getastra.com","GET","true","true","downdetector","AR|AU|BE|CA|CZ|CL|CO|DK|DE|EC|ES|FR|GT|HK|HR|IN|ID|IE|IT|KE|HU|MY|MX|NL|NZ|NG|NO|AT|PY|PE|PH|PL|PT|PR|RO|CH|SG|SI|SK|ZA|FI|SE|TR|GB|UY|GR|RS|UA|IL|AE|BH|MA|PK|TW|JP","v1:dd677e3386bc2e110d073cb76ab521103a489e3f99e96210be0559e67c63090f","astra-security"
"Asus","http","www.asus.com","GET","true","true","downdetector","AR","v1:cf51ad4f1c98c46e39e1190c4dbea133fc2e8bf43de85df1a558296dbddbf9a0","asus"
"Atlassian","http","atlassian.com","GET","true","true","downdetector","AR|AU|BE|CA|CZ|CL|CO|DK|DE|EC|ES|FR|GT|HK|HR|IN|ID|IE|IT|KE|HU|MY|MX|NL|NZ|NG|NO|AT|PY|PE|PH|PL|PT|PR|RO|CH|SG|SI|SK|ZA|FI|SE|TR|GB|UY|GR|RS|UA|IL|AE|BH|MA|PK|TW|JP","v1:7fd27d17804c9ef19379fb31638d316846dd68558199861c1e6812c34bdb35d7","atlassian"
"Auchan","http","www.auchan.fr","GET","true","true","downdetector","FR","v1:4b9ec75204ddd3cf56b534993ff9fdeb149725c2c845b03d588de3c7d50701f7","auchan"
"Auth0","http","auth0.com","GET","true","true","downdetector","AR|AU|BE|CA|CZ|CL|CO|DK|DE|EC|ES|FR|GT|HK|HR|IN|ID|IE|IT|KE|HU|MY|MX|NL|NZ|NG|NO|AT|PY|PE|PH|PL|PT|PR|RO|CH|SG|SI|SK|ZA|FI|SE|TR|GB|UY|GR|RS|UA|IL|AE|BH|MA|PK|TW|JP","v1:9b49b82c882ddaacbc285de0620342ab09cb6e41b1857d588551066a1533905b","auth0"
"Autodesk","http","autodesk.com","GET","true","true","downdetector","AR|AU|BE|CA|CZ|CL|CO|DK|DE|EC|ES|FR|GT|HK|HR|IN|ID|IE|IT|KE|HU|MY|MX|NL|NZ|NG|NO|AT|PE|PH|PL|PT|PR|RO|CH|SG|SK|ZA|FI|SE|TR|GB|GR|RS|UA|IL|AE|BH|MA|PK|TW|JP","v1:18192bba989c1d466c83ca2550cbc80a1f6728040409f01016d6a833014aa5bd","autodesk"
"Autovit.ro","http","autovit.ro","GET","true","true","downdetector","RO","v1:fc88a3b120e3bfe91cba5d872e95133398290fffdc89decb30e810e0ae65d1da","autovit-ro"
"Avianca","http","www.avianca.com","GET","true","true","downdetector","CO","v1:f4ac7c1eed18aeb6cf6b01a933db372a1239183ea69fbc35f219e4ad2343246c","avianca"
"Axis Bank","http","www.axisbank.com","GET","true","true","downdetector","IN","v1:54e70692daf6203605f87d4195d8c674c41e323d3663fc00a5157d5d99d39382","axis-bank"
"Badoo","http","badoo.com","GET","true","true","downdetector","DE|IT|NL|GB","v1:e14023d93f18f835de7f4c19e04c7f0d558b8aec23a2b268becbc646944e3ccd","badoo"
"Bambu Lab","http","bambulab.com","GET","true","true","downdetector","AU|CA|DE|ES|FR|IT|NL|GB|JP","v1:7e153a0908dde417af97ad71d09d76571415ee86f1ca647d1e47f1773ffe8678","bambu-lab"
"Bandcamp","http","bandcamp.com","GET","true","true","downdetector","CA|GB","v1:892b70535460608e2695285fe201d189d5593e5580b4d969e9c56bee5708bf08","bandcamp"
"BandLab","http","www.bandlab.com","GET","true","true","downdetector","GB","v1:3489880396a1f443e583fc279e6e1bedf943e66f8f7d012b155d09dfb3eade0c","bandlab"
"Barclays","http","home.barclays","GET","true","true","downdetector","GB","v1:3c9dd74dff2c6986771cee7e39a021551965056ee846c95563a1ea4739128bba","barclays"
"Basecamp","http","basecamp.com","GET","true","true","downdetector","PH|GB","v1:7f7461b30391b9a68791a1a1cd25eb60ec3d98c63160f450189a8a44ca590845","basecamp"
"Battlefield","http","www.ea.com","GET","true","true","downdetector","AR|AU|BE|CA|CZ|CL|DK|DE|ES|FR|HR|IN|IE|IT|HU|MX|NL|NZ|NO|AT|PH|PL|PT|RO|CH|SK|ZA|FI|SE|TR|GB|GR|PK","v1:a45c9236ca92ed7e4036bc4881e7033efd1d4beec48ec15f908a3c34f1a4b690","battlefield"
"Beatport","http","www.beatport.com","GET","true","true","downdetector","GB","v1:58aa8fdb17c30e3b64bb6275000cd026c6b53fd307cdaa96f3c8adf4c5f088a7","beatport"
"Bet365","http","bet365.com","GET","true","true","downdetector","AR|AU|CA|CL|DK|DE|ES|FR|IN|IE|IT|AT|PE|PL|CH|ZA|SE|GB|GR","v1:aad8883b5d5c574e83dd7e2a46964b263100aa8585c0564ff96fe12ec473ef49","bet365"
"Betfair","http","www.betfair.com","GET","true","true","downdetector","AU|CO|DE|ES|IE|IT|NO|RO|SE|GB","v1:085797d6a9e34fac0235f10c975ef023878202c62370da1bc7a037c4c69a03bd","betfair"
"Bidra.no","http","bidra.no","GET","true","true","downdetector","NO","v1:3e2830617d0aac0a5137b11a764c04f74d94c4390c1f51a26e43fb261bdc4bdc","bidra-no"
"BigCommerce","http","bigcommerce.com","GET","true","true","downdetector","DE|ES|FR|IN|IT|MX|GB","v1:918e794051d2a7ec47c1d37be1bb65f159aa7d43a563df73f76ecea848f4af07","bigcommerce"
"Binance","http","binance.com","GET","true","true","downdetector","AR|AU|BE|CA|DK|DE|ES|FR|HK|IN|IE|IT|MX|NL|NO|AT|PL|PT|CH|SG|ZA|FI|SE|TR|GB|IL|AE","v1:f98cad5a5865a2d705629ab19b1af4d00ee991294fae2ec9c869149b798f5fb2","binance"
"Binance 幣安","http","binance.com","GET","true","true","downdetector","TW","v1:8d107bd7fa02774ee4dae5e6d96ce1008a82803a6c2094e9d9b20261b3dbe707","binance"
"Bing","http","www.bing.com","GET","true","true","downdetector","AR|AU|BE|CA|CZ|CL|CO|DK|DE|EC|ES|FR|GT|HK|HR|IN|ID|IE|IT|KE|HU|MY|MX|NL|NZ|NG|NO|AT|PY|PE|PH|PL|PT|PR|RO|CH|SG|SI|SK|ZA|FI|SE|TR|GB|UY|GR|RS|UA|IL|AE|BH|MA|PK|TW|JP","v1:564ed5bc91e96d0a831e9dd2e18cdbd377a476f774cc6d9221b77ff7a2c95f7f","bing"
"Bitdefender","http","bitdefender.com","GET","true","true","downdetector","AU|HU|RO|GB","v1:df1a353f9c5da0aa45fe905b6a2b821cfdc94609c71ce4be256eecb47dcc7958","bitdefender"
"Bitwarden","http","bitwarden.com","GET","true","true","downdetector","PT|GB","v1:b4d91062ed513be84a4d892e509cde16623f407f91a53ad26814c8aaf21407cb","bitwarden"
"BlaBlaCar","http","blablacar.be","GET","true","true","downdetector","BE","v1:52aef63c9215dfff7a0bed9d8886f9a26b15ec43b8ef3d2070231838f1194925","blablacar"
"BlaBlaCar","http","blablacar.cz","GET","true","true","downdetector","CZ","v1:83689332c71a43445a8dc7a68e3afd2314cb15980fae439abbd6e8e1ac011bbb","blablacar"
"BlaBlaCar","http","blablacar.de","GET","true","true","downdetector","DE","v1:7d8e399a3f6425cd6a149d42db1fa3728b137e45f9921f7e334bf96d0e8120e6","blablacar"
"BlaBlaCar","http","blablacar.es","GET","true","true","downdetector","ES","v1:7cc3d40a582ed7d3912ada2466b0242faa348bb3a5f645245ddae97a96809f4d","blablacar"
"BlaBlaCar","http","blablacar.fr","GET","true","true","downdetector","FR","v1:40f269275ac902e5720cf13068d485c7b6c3c692838989fa818c94c6abef4a45","blablacar"
"BlaBlaCar","http","blablacar.hr","GET","true","true","downdetector","HR","v1:f0cbef794a825fc53618a8d72f518a0b9ad9bd98413f11d4c15921e645d81d9b","blablacar"
"BlaBlaCar","http","blablacar.in","GET","true","true","downdetector","IN","v1:a0ffd2aa7e5114a4c519b3b2cfadc360855b3b243907fbd4077113c2ce29ed4b","blablacar"
"BlaBlaCar","http","blablacar.it","GET","true","true","downdetector","IT","v1:2d6da0cc225fa970dcfd382ab77aefbd1395dc066ecc0f85be8b8b3ade90b551","blablacar"
"BlaBlaCar","http","blablacar.hu","GET","true","true","downdetector","HU","v1:89291150333b8dec3a47f60ec4a46f87bd82ccf8b7203fc87a3c173546e88da9","blablacar"
"BlaBlaCar","http","blablacar.mx","GET","true","true","downdetector","MX","v1:6a186557c2284adb493104860b83850cf698475d2ea3964196444a9d387645ce","blablacar"
"BlaBlaCar","http","blablacar.nl","GET","true","true","downdetector","NL","v1:d3e7c1e62068fd7d731da9fc724dedc86f22da52bd81c0660e035ee4b4f26301","blablacar"
"BlaBlaCar","http","blablacar.pl","GET","true","true","downdetector","PL","v1:bd2d4c35a7f4adb842031b699aaf1171ff3b36a124e6587bc014065f4aed942f","blablacar"
"BlaBlaCar","http","blablacar.pt","GET","true","true","downdetector","PT","v1:989f48e5363993f9288618d0438f05b5cf9a72514a5346b38d8ef94cff58c108","blablacar"
"BlaBlaCar","http","blablacar.ro","GET","true","true","downdetector","RO","v1:6311550f666c755de19d2160de3c381bd62951d9fd12e4c9b6907bdac0790b80","blablacar"
"BlaBlaCar","http","blablacar.sk","GET","true","true","downdetector","SK","v1:9c9d4db12128b74863e7f28e2da72879de6492e933db33ced697d46ca76c220d","blablacar"
"BlaBlaCar","http","blablacar.com.tr","GET","true","true","downdetector","TR","v1:f488b861193cb76763770fbf262c2d4e5a0a5fdbd4a39a13de220361f6347ccb","blablacar"
"BlaBlaCar","http","blablacar.co.uk","GET","true","true","downdetector","GB","v1:fd1957a4135cb6edcf245f6a82896e099149aa9304ebe1ce6c3032c0489bcf2e","blablacar"
"Blackberry","http","www.blackberry.com","GET","true","true","downdetector","DE","v1:dd6ce642d52be9c85a0a2e1f546490a48069b5fa33fa43431bf941b21cd3c8ae","blackberry"
"Blackboard","http","www.blackboard.com","GET","true","true","downdetector","AR|AU|CA|CZ|CL|CO|DK|DE|ES|FR|HK|IN|IE|IT|MX|NL|NZ|PE|PH|PL|PT|ZA|FI|TR|GB|GR|AE|JP","v1:6cc78efb912bbb118ad326976d65edc8463f0bc7a2579e2198b08a342e68ae57","blackboard"
"Blizzard Battle.net","http","battle.net","GET","true","true","downdetector","AR|AU|BE|CA|CZ|CL|CO|DK|DE|EC|ES|FR|GT|HK|HR|IN|ID|IE|IT|KE|HU|MY|MX|NL|NZ|NG|NO|AT|PY|PE|PH|PL|PT|PR|RO|CH|SG|SI|SK|ZA|FI|SE|TR|GB|UY|GR|RS|UA|IL|AE|BH|MA|PK|TW|JP","v1:d9733936fcc267a6e9dbb1f00fadd46b44605329102c7a2f85f45fc93022c1ed","blizzard-battle-net"
"Blogger","http","www.blogger.com","GET","true","true","downdetector","AR|AU|BE|CA|CZ|CL|CO|DK|DE|EC|ES|FR|HK|HR|ID|IE|IT|HU|MY|MX|NZ|NO|AT|PE|PH|PL|PT|RO|CH|SG|SK|ZA|FI|SE|GB|GR|IL|AE|JP","v1:63b12e12c58309d1cd841f491369bf93dc451d0a377ba2e695267f827684ebfa","blogger"
"Board Game Arena","http","boardgamearena.com","GET","true","true","downdetector","AR|AU|BE|CA|CZ|CL|CO|DK|DE|EC|ES|FR|GT|HK|HR|IN|ID|IE|IT|KE|HU|MY|MX|NL|NZ|NG|NO|AT|PY|PE|PH|PL|PT|PR|RO|CH|SG|SI|SK|ZA|FI|SE|TR|GB|UY|GR|RS|UA|IL|AE|BH|MA|PK|TW|JP","v1:ebfeaed5bc64de790d11a467f3757360647308f73d7f088ac6b90fe9cb60af03","board-game-arena"
"Bol.com","http","bol.com","GET","true","true","downdetector","BE|NL","v1:33c0c91ad51cea707a79b34d8ffc878ce54a76fba599948ab6eb67ebd4dcac11","bol-com"
"Booking.com","http","booking.com","GET","true","true","downdetector","AR|AU|BE|CA|CZ|CL|CO|DK|DE|EC|ES|FR|GT|HK|HR|IN|ID|IE|IT|KE|HU|MY|MX|NL|NZ|NG|NO|AT|PE|PH|PL|PT|PR|RO|CH|SG|SK|ZA|FI|SE|TR|GB|GR|RS|UA|IL|AE|BH|MA|PK|TW|JP","v1:2602dbef54395d0dd79571e8ca64904652e4fbf3294a7c3fc17c2b34fef27a5b","booking-com"
"Boots","http","www.boots-uk.com","GET","true","true","downdetector","GB","v1:29e457ed3c245eec55800d9019e6fc3be3b64d17419352078ce1798afcb55998","boots"
"Borderlands 3","http","borderlands.2k.com","GET","true","true","downdetector","AR|AU|BE|CA|CZ|CL|CO|DK|DE|EC|ES|FR|HK|HR|IN|ID|IE|IT|HU|MY|MX|NL|NZ|NO|AT|PE|PH|PL|PT|RO|CH|SG|SK|ZA|FI|SE|TR|GB|GR|IL|AE|PK|TW|JP","v1:9c4236e78dcdfbaacc234dc007a22f3baaf2a0eb521d0def196386c0b4e569d9","borderlands-3"
"Boulanger","http","www.boulanger.com","GET","true","true","downdetector","FR","v1:c56579ca0b790107f7019bcb7a7faa276326e9212b961c540c74a6dec0a7a3ad","boulanger"
"Box","http","www.box.com","GET","true","true","downdetector","AU|CA|IT|JP","v1:c722963bd2fac6aeb261f9ef0bfb3851df7c53f977a80c94d77e232a09209920","box"
"Braintree","http","www.braintreepayments.com","GET","true","true","downdetector","DE|GB","v1:7122e98956b7ebe07c71703ab83933dbab50c7545dc5da72fbaafea2a342e36b","braintree"
"Brawl Stars","http","supercell.com","GET","true","true","downdetector","AU|CA|ES|FR|IN|IT|NL|RO|SG|GB","v1:aec53cf90ec7cacc8fa531b363d70cdb8f63ba0e937114dc2e8093fe8acfedbf","brawl-stars"
"Brawlhalla","http","www.brawlhalla.com","GET","true","true","downdetector","AR|AU|CA|DE|FR|IN|IT|NL|SE|GB","v1:a412ad9be3f88282c17280a54525ae94843779da765daa8f384ed21d5707efc0","brawlhalla"
"Brevo","http","www.brevo.com","GET","true","true","downdetector","GB","v1:a0b2206ceff4ad9fc49235cedfc5cd3f3bb6555f620d63f49e2d104b29b85e14","brevo"
"British Airways","http","www.britishairways.com","GET","true","true","downdetector","BE|CA|CZ|CL|DK|DE|ES|FR|HK|HR|IN|IE|IT|MX|NL|NO|AT|PL|PT|CH|SE|GB|GR|IL|AE|JP","v1:23b02839c4a809194ad8b31bb5ad8a46d7f911ec4a78f4d033e9cb4e393e81a4","british-airways"
"Bunq","http","bunq.com","GET","true","true","downdetector","DE|ES|FR|IT|NL|GB","v1:b4b66f0c613b550a86a25fb37678e288da45421214dce1b820af11ffb83eb2d1","bunq"
"Bushfire.io","http","bushfire.io","GET","true","true","downdetector","AU","v1:fb422c0da8094a6a9a11344ed0badfe07a2ce0ab976ab3281d656025b5347770","bushfire-io"
"C47.ch","http","c47.ch","GET","true","true","downdetector","CH","v1:0b2c96a7cd4881011b621013d7bbd5e61b7294f427b185d6ed2a4a0065f4635b","c47-ch"
"CacheFly","http","www.cachefly.com","GET","true","true","downdetector","AR|AU|BE|CA|CZ|CL|CO|DK|DE|EC|ES|FR|GT|HK|HR|IN|ID|IE|IT|KE|HU|MY|MX|NL|NZ|NG|NO|AT|PY|PE|PH|PL|PT|PR|RO|CH|SG|SI|SK|ZA|FI|SE|TR|GB|UY|GR|RS|UA|IL|AE|BH|MA|PK|TW|JP","v1:d97a56bb67fa52c20b970fc3918477da05948f7567a9db966056e8f4baa95f64","cachefly"
"Caixabank","http","www.caixabank.es","GET","true","true","downdetector","ES","v1:3fddcedf6c669e35fba08f5050e4109ac1d85096082a1e1df4c0d21e5749a4bc","caixabank"
"Calendly","http","calendly.com","GET","true","true","downdetector","CO|FR","v1:36409858ceb068d65044e2577e208289fda77bac7c532ea86d89bca856b3542f","calendly"
"Call of Duty","http","www.callofduty.com","GET","true","true","downdetector","AR|AU|BE|CA|CZ|CL|CO|DK|DE|EC|ES|FR|GT|HK|HR|IN|ID|IE|IT|KE|HU|MY|MX|NL|NZ|NG|NO|AT|PY|PE|PH|PL|PT|PR|RO|CH|SG|SI|SK|ZA|FI|SE|TR|GB|UY|GR|RS|UA|IL|AE|BH|MA|PK|TW|JP","v1:bebdd06e2c1bb86c9e33daa6231b4981d5a508411a7c26549f2eb8795499bb3a","call-of-duty"
"Calvin Klein","http","calvinklein.com.au","GET","true","true","downdetector","AU","v1:b354015af97f2d934f89cd0c926c6f98b44ca58cb166679ad277ebd269156d1a","calvin-klein"
"Calvin Klein","http","calvinklein.be","GET","true","true","downdetector","BE","v1:4e599d655b3b8b22b99cd8cabf0b77e2495720a0dc04424cc7a56a20d7f39e79","calvin-klein"
"Calvin Klein","http","www.calvinklein.ca","GET","true","true","downdetector","CA","v1:ab4812b5fee7644be46aa2a59cfc049df9e879f023c7533eebce7a03a53ffb21","calvin-klein"
"Calvin Klein","http","calvinklein.de","GET","true","true","downdetector","DE","v1:a0285ee2f0b95e516fc48a1317b16efabf2869c280b256f8febc304ce3c80202","calvin-klein"
"Calvin Klein","http","calvinklein.es","GET","true","true","downdetector","ES","v1:5ae72f944931c680bc2229c2371206ee89de22c1dae28712536ba23dcb50884e","calvin-klein"
"Calvin Klein","http","calvinklein.fr","GET","true","true","downdetector","FR","v1:26298880f6904021e2b0f69d979558387150cfb3aa6ba0acbe0cbbd90931f0b4","calvin-klein"
"Calvin Klein","http","calvinklein.ie","GET","true","true","downdetector","IE","v1:2b6141724febc477bf4014e11806aa56d1735ec4eed7d6180d3be8358a817872","calvin-klein"
"Calvin Klein","http","calvinklein.it","GET","true","true","downdetector","IT","v1:41600aa19ab9668e44f603b0f88b4b1e31b54cd36c154fad5ea0b7e8c159e761","calvin-klein"
"Calvin Klein","http","www.calvinklein.mx","GET","true","true","downdetector","MX","v1:13f2751f30cc0a2f51c12386c230c18a755e81acae3f40cf2ee055b7b6e2d138","calvin-klein"
"Calvin Klein","http","calvinklein.nl","GET","true","true","downdetector","NL","v1:fcd472708a0cb6f66d6ea2276675a0870cef358c10ccd36bb2033642b13aca68","calvin-klein"
"Calvin Klein","http","calvinklein.at","GET","true","true","downdetector","AT","v1:971e3ffee3a2086db83580d0f1b91970372829ffbdcc9304fe347123c797e95b","calvin-klein"
"Calvin Klein","http","www.calvinklein.pl","GET","true","true","downdetector","PL","v1:685218e4491752880db51930c77d260444b61fae268b7ee126e0ed95ba444119","calvin-klein"
"Calvin Klein","http","calvinklein.ch","GET","true","true","downdetector","CH","v1:5069644c79a3aa7babf4a124da42f9c8888a652bd3a9eab938dffaa38c1fde62","calvin-klein"
"Calvin Klein","http","calvinklein.com.sg","GET","true","true","downdetector","SG","v1:86b808420488f8249b84fa5fb96ccab9de48bab548250f5c834b64ca9e834a94","calvin-klein"
"Calvin Klein","http","calvinklein.com","GET","true","true","downdetector","ZA","v1:83795f00d03b5bd832510998f21f77bf8ef0d87adfff25b17f0f36cfdb084dcd","calvin-klein"
"Calvin Klein","http","calvinklein.se","GET","true","true","downdetector","SE","v1:475fc0630af0d2ba5a2bfa1ddacfa8d69a1746fbdb17be6c05a315160900dd98","calvin-klein"
"Calvin Klein","http","calvinklein.co.uk","GET","true","true","downdetector","GB","v1:b01ce3992fc6cb7bdbe1ce80ce4acdb148af1ffa920d2144864f55240f049472","calvin-klein"
"Calvin Klein","http","japan.calvinklein.com","GET","true","true","downdetector","JP","v1:39d2a76a661fe8e4f5cb4c142b20ddee4a479e3f8f51bdba061be3dec1c919ca","calvin-klein"
"Candy Crush","http","candycrush.com","GET","true","true","downdetector","AR|AU|BE|CA|CZ|CL|CO|DK|DE|EC|ES|FR|GT|HK|HR|IN|ID|IE|IT|KE|HU|MY|MX|NL|NZ|NG|NO|AT|PY|PE|PH|PL|PT|PR|RO|CH|SG|SI|SK|ZA|FI|SE|TR|GB|UY|GR|RS|UA|IL|AE|BH|MA|PK|TW|JP","v1:6056cf24f9b7ae08b201e704f3cd80996ed55824b3972d22b9714878bf7289c8","candy-crush"
"Candy Crush Soda Saga","http","king.com","GET","true","true","downdetector","AR|AU|BE|CA|CZ|CL|CO|DK|DE|EC|ES|FR|GT|HK|HR|IN|ID|IE|IT|KE|HU|MY|MX|NL|NZ|NG|NO|AT|PY|PE|PH|PL|PT|PR|RO|CH|SG|SI|SK|ZA|FI|SE|TR|GB|UY|GR|RS|UA|IL|AE|BH|MA|PK|TW|JP","v1:20967482a1da181785a2a8f9bb98738fbf173732d52ec75050cc316885f253e8","candy-crush-soda-saga"
"Canvas by Instructure","http","www.instructure.com","GET","true","true","downdetector","AU|BE|CA|CL|DE|ES|FR|HK|IN|IE|IT|MX|NL|NZ|NO|AT|PE|PH|PL|CH|SG|ZA|SE|TR|GB|AE|JP","v1:24bd2ddf7e7b2e7b6c488a1e5a5a75171a19d54cac6e1818d0d0eded6a218938","canvas-by-instructure"
"CapCut","http","www.capcut.com","GET","true","true","downdetector","AU|BE|CA|DE|ES|FR|IE|IT|MX|NL|AT|PH|PL|CH|SG|ZA|SE|GB|JP","v1:3384b94de9d654c8bf736153162f0be35cc71ab3fa8dedecb77059505282af2b","capcut"
"CareerShift","http","www.careershift.com","GET","true","true","downdetector","AR|AU|BE|CA|CZ|CL|CO|DK|DE|EC|ES|FR|IE|IT|HU|MX|NL|NZ|NO|AT|PE|PL|PT|RO|CH|FI|SE|TR|GB|GR","v1:2e52733831e7a105883b059cce3daf384b8b5eba5413c0cb02af07213ad4d815","careershift"
"Cars.ie","http","cars.ie","GET","true","true","downdetector","IE","v1:0f8700f972eb828fdad703ec51645527cdde95021aeeef1f3368649a26349cbe","cars-ie"
"Cash App","http","cash.app","GET","true","true","downdetector","FR|ID|GB","v1:ffa9349add1dbd730295451b291ec9569c09f6bff003c67f49dffcfc9ab36ab3","cash-app"
"CBC","http","www.cbc.ca","GET","true","true","downdetector","CA","v1:2df1af5f8982b055f208237bf3a951f18de76516866491d4d08cd64d14a95061","cbc"
"CDN77","http","cdn77.com","GET","true","true","downdetector","AR|AU|BE|CA|CZ|CL|CO|DK|DE|EC|ES|FR|GT|HK|HR|IN|ID|IE|IT|KE|HU|MY|MX|NL|NZ|NG|NO|AT|PY|PE|PH|PL|PT|PR|RO|CH|SG|SI|SK|ZA|FI|SE|TR|GB|UY|GR|RS|UA|IL|AE|BH|MA|PK|TW|JP","v1:8402a1cb5c04106147e849180b446557ac01760c520e4613ff6bd0b1549636ee","cdn77"
"Channel 4","http","channel4.com","GET","true","true","downdetector","GB","v1:c68b44f71398e9c4ca752d3b01ae1f2dd26fdef708c728d34b112c44b283d5cf","channel-4"
"CharacterAI","http","character.ai","GET","true","true","downdetector","AR|AU|BE|CA|CZ|CL|CO|DK|DE|EC|ES|FR|IN|ID|IE|IT|HU|MY|MX|NL|NZ|NO|AT|PE|PL|PT|RO|CH|SG|SK|ZA|FI|SE|TR|GB|GR|IL|AE|PK|TW|JP","v1:8995371df8c54a6688da2f6e6fd1165ca0153c95365cb5881ce75cb23db6840f","characterai"
"Chess.com","http","chess.com","GET","true","true","downdetector","GB","v1:9ddb557525e4d1faeb1bb3ab95d008675debc11f988a91d3413a652dc05c0255","chess-com"
"Choice Hotels","http","www.choicehotels.com","GET","true","true","downdetector","AR|AU|BE|CA|CZ|CL|CO|DK|DE|EC|ES|FR|GT|HK|HR|IN|ID|IE|IT|KE|HU|MY|MX|NL|NZ|NG|NO|AT|PY|PE|PH|PL|PT|PR|RO|CH|SG|SI|SK|ZA|FI|SE|TR|GB|UY|GR|RS|UA|IL|AE|BH|MA|PK|TW|JP","v1:3c7f9770ba93425f291a94e968a6c04bd7cc40499d8fd7acf00c83c807bd7047","choice-hotels"
"Chuffed","http","www.chuffed.org","GET","true","true","downdetector","AU|CA|DK|ES|FR|HK|IE|IT|NL|NZ|NO|PL|PT|CH|SG|SK|ZA|FI|SE|GB|GR","v1:a03aeed0b5216fa5790355a7336bc6a542b3fa52a8c70b0eda98ab3b45978dae","chuffed"
"Cisco Webex Teams","http","webex.com","GET","true","true","downdetector","AR|AU|BE|CA|CZ|CL|CO|DK|DE|EC|ES|FR|HK|HR|IN|ID|IE|IT|HU|MY|MX|NL|NZ|NO|AT|PE|PH|PL|PT|RO|CH|SG|SK|ZA|FI|SE|TR|GB|GR|AE|PK|JP","v1:ed76e61c9b4ed8da6a092253b5c51d535f49350f1b5c32cf207d09a0d916ac4b","cisco-webex-teams"
"Citrix","http","citrix.com","GET","true","true","downdetector","JP","v1:30efb42e27923eaa426b9cfb9c90bdddcfb0e60dff5800fdd963db8652516217","citrix"
"Clash of Clans","http","supercell.com","GET","true","true","downdetector","AR|AU|CA|CL|DE|ES|IN|ID|IT|MX|NL|AT|PH|SG|GB","v1:4cbb8a5b9e603f0e677e17300da8c2ec523d6a8a041660b5631ce42a68e1c15f","clash-of-clans"
"Clash Royale","http","supercell.com","GET","true","true","downdetector","AU|BE|CA|DE|ES|FR|HR|IN|IT|NL|AT|PL|PT|CH|SG|ZA|FI|GB|GR","v1:ed256b265119eda1f9085893531d3de987e91319b00513f35c0f048c4c653fa1","clash-royale"
"ClickUp","http","clickup.com","GET","true","true","downdetector","AR|AU|BE|CA|CZ|CL|CO|DK|DE|EC|ES|FR|HK|HR|IN|ID|IT|HU|MY|MX|NL|NZ|NO|AT|PE|PH|PL|PT|RO|CH|SG|SK|ZA|FI|SE|TR|GR|IL|AE|PK|JP","v1:664834f5cdee1ef0c08884014c3557bdc8d1d1b577a8f2d594ddae3bdb8c4bd2","clickup"
"Cloudflare","http","www.cloudflare.com","GET","true","true","downdetector","AR|AU|BE|CA|CZ|CL|CO|DK|DE|EC|ES|FR|GT|HK|HR|IN|ID|IE|IT|KE|HU|MY|MX|NL|NZ|NG|NO|AT|PY|PE|PH|PL|PT|PR|RO|CH|SG|SI|SK|ZA|FI|SE|TR|GB|UY|GR|RS|UA|IL|AE|BH|MA|PK|TW|JP","v1:04ca27b8d6f287e590b2be24510efd629103427ee10abb9a456bdcc837651f56","cloudflare"
"CNN","http","edition.cnn.com","GET","true","true","downdetector","CA|GB","v1:6af73b406256b244dbd60a8c1b47d9abee72c884d8b50c89f424fbf8796726ad","cnn"
"Cocos","http","www.cocos.com","GET","true","true","downdetector","AR","v1:749b01e9c63dd2b13fbdea18dbcad6434d939b6182f039a923c79aae4d40fb8e","cocos"
"Codeberg","http","codeberg.org","GET","true","true","downdetector","GB","v1:fa808087c2778ee0f944e7da7ea8189f73775de56d388d9fb5a54aaee198dc62","codeberg"
"CodeRabbit","http","www.coderabbit.ai","GET","true","true","downdetector","GB","v1:b2ae4515a269bcb270d82ab65667c4af14f09ca46db5f18760c79572c9b5df1f","coderabbit"
"Coinbase","http","www.coinbase.com","GET","true","true","downdetector","AR|AU|BE|CA|CZ|CL|CO|DK|DE|EC|ES|FR|HK|HR|IN|ID|IE|IT|HU|MY|MX|NL|NZ|NO|AT|PE|PH|PL|PT|RO|CH|SG|SK|ZA|FI|SE|TR|GB|GR|IL|AE|PK|TW|JP","v1:1b1f606719533502063574ad4ac48e704b906b9eacdefb17c6d7ed2e565e2365","coinbase"
"coins.ph","http","coins.ph","GET","true","true","downdetector","PH","v1:f03692c5784f2e94787af1ffee171cdd8e5b40028c152c99d6842559d5cdb590","coins-ph"
"Combat Siege","http","www.combatsiege.com","GET","true","true","downdetector","AU|BE|CA|DE|ES|FR|IE|IT|MX|NL|AT|PL|CH|SG|ZA|SE|GB|JP","v1:9e410300c7c8857d515a12c41804b1e9b22af3d0b30afca9e9cd23564957b0e4","combat-siege"
"Confused.com","http","confused.com","GET","true","true","downdetector","GB","v1:8e25bdc15b05ef11289579cd8f754333aa1ff9fb5b65c37b014f1aa220d8b6ec","confused-com"
"Contabo","http","contabo.com","GET","true","true","downdetector","AU|DE|IN|SG|GB|JP","v1:c6c4c2de617822563eafc73d89b371707f2dc08a1a53487b84a6aa5824e2fc9d","contabo"
"Continue with Google","http","accounts.google.com","GET","true","true","downdetector","AR|AU|BE|CA|CZ|CL|CO|DK|DE|EC|ES|FR|GT|HK|HR|IN|ID|IE|IT|KE|HU|MY|MX|NL|NZ|NG|NO|AT|PY|PE|PH|PL|PT|PR|RO|CH|SG|SI|SK|ZA|FI|SE|TR|GB|UY|GR|RS|UA|IL|AE|BH|MA|PK|TW|JP","v1:e852993450b8f2ef8c365aa8fb766eab42d5e30f32dc10ea1e1b6eeabc7bc4ec","continue-with-google"
"Cottages.com","http","cottages.com","GET","true","true","downdetector","GB","v1:075d9d67f1bdac41097782c9829cc6baea6bce1147e3cfd4fb1b561a1a147c25","cottages-com"
"Counter-Strike","http","www.counter-strike.net","GET","true","true","downdetector","AR|AU|BE|CA|CZ|CL|DK|DE|ES|FR|HK|HR|IN|ID|IE|IT|HU|MY|MX|NL|NZ|NO|AT|PE|PH|PL|PT|RO|CH|SG|SK|ZA|FI|SE|TR|GB|GR|IL|AE|PK","v1:6ca3a8734e8a12244778075734b4464be0e92942207280efe333c9923ddc2916","counter-strike"
"Coursera","http","coursera.org","GET","true","true","downdetector","AR|AU|BE|CA|CZ|CL|CO|DK|DE|EC|ES|FR|HK|HR|IN|ID|IE|IT|HU|MY|MX|NL|NZ|NO|AT|PE|PH|PL|RO|CH|SG|SK|ZA|FI|SE|TR|GB|GR|IL|AE|PK|TW|JP","v1:555a8ae089a947a11f2763957a38078849ba61cb3e71e6b25d6588513211ecf0","coursera"
"Crunchyroll","http","www.crunchyroll.com","GET","true","true","downdetector","AR|AU|BE|CA|CZ|CL|CO|DK|DE|EC|ES|FR|IN|IE|IT|MY|MX|NL|NZ|NO|AT|PE|PH|PT|RO|CH|SG|SK|ZA|FI|SE|GB|PK","v1:bee068deab2f84379ee86581b1c425cd4610a6f748fa0a4aa571c43274eaf512","crunchyroll"
"Crypto.com","http","crypto.com","GET","true","true","downdetector","ES","v1:6d1ed09f0b1f157e626f1332f018d6e7f348ad7603bc0bafdfce921d19d21b16","crypto-com"
"Currencies Direct","http","currenciesdirect.com","GET","true","true","downdetector","AR|AU|BE|CA|CZ|CL|CO|DK|DE|EC|ES|FR|GT|HK|HR|IN|ID|IE|IT|KE|HU|MY|MX|NL|NZ|NG|NO|AT|PY|PE|PH|PL|PT|PR|RO|CH|SG|SI|SK|ZA|FI|SE|TR|GB|UY|GR|RS|UA|IL|AE|BH|MA|PK|TW|JP","v1:0d88bf45d5329293ee09911338e86c41197a979745e61be751d22e046d1714ec","currencies-direct"
"CurrencyFair","http","www.currencyfair.com","GET","true","true","downdetector","AR|AU|BE|CA|CZ|CL|CO|DK|DE|EC|ES|FR|GT|HK|HR|IN|ID|IE|IT|KE|HU|MY|MX|NL|NZ|NG|NO|AT|PY|PE|PH|PL|PT|PR|RO|CH|SG|SI|SK|ZA|FI|SE|TR|GB|UY|GR|RS|UA|IL|AE|BH|MA|PK|TW|JP","v1:66d72aa4c362d0aaf6e835f196d435c642be91da0d25ba0fdfdeb865f8275785","currencyfair"
"cursor","http","cursor.com","GET","true","true","downdetector","AR|AU|BE|CA|CZ|CL|CO|DK|DE|EC|ES|FR|GT|HK|HR|IN|ID|IE|IT|KE|HU|MY|MX|NL|NZ|NG|NO|AT|PE|PH|PL|PT|PR|RO|CH|SG|SK|ZA|FI|SE|TR|GB|GR|RS|UA|IL|AE|BH|MA|PK|TW|JP","v1:d043ec871fe736bcc4c205125b0922a1cfa6863bc6120f083ec93edf2fc3efae","cursor"
"CyberArk","http","www.cyberark.com","GET","true","true","downdetector","AR|AU|BE|CA|CZ|CL|CO|DK|DE|EC|ES|FR|GT|HK|HR|IN|ID|IE|IT|KE|HU|MY|MX|NL|NZ|NG|NO|AT|PY|PE|PH|PL|PT|PR|RO|CH|SG|SI|SK|ZA|FI|SE|TR|GB|UY|GR|RS|UA|IL|AE|BH|MA|PK|TW|JP","v1:38e078ee6c124ee59d5abef0a5746f048698395d3d3042c6e17ded051681face","cyberark"
"Dailymotion","http","careers.dailymotion.com","GET","true","true","downdetector","CA","v1:a2d3f988506bad8604b53e5811ae5373ff337c49b583378bf686edfd493f3816","dailymotion"
"Darty","http","www.darty.com","GET","true","true","downdetector","FR","v1:a533de7dee7ff39c6bb4065808bde7af4c1319f635be68eefce93134861ce9b6","darty"
"Datadog","http","www.datadoghq.com","GET","true","true","downdetector","AR|AU|BE|CA|CZ|CL|CO|DK|DE|EC|ES|FR|GT|HK|HR|IN|ID|IE|IT|KE|HU|MY|MX|NL|NZ|NG|NO|AT|PY|PE|PH|PL|PT|PR|RO|CH|SG|SI|SK|ZA|FI|SE|TR|GB|UY|GR|RS|UA|IL|AE|BH|MA|PK|TW|JP","v1:63c2188d6b8e792ac7e1414b29ba6cbfff731713cf34da6290f9df56ab7831ce","datadog"
"Datto","http","www.datto.com","GET","true","true","downdetector","AU|CA|DE|FR|NL|NZ|GB","v1:2770c6ca14a2596f20b6fe0b3ef117b45cd8eaf34d69e8abc707cfc15dbc5b72","datto"
"Day One","http","dayoneapp.com","GET","true","true","downdetector","AR|AU|BE|CA|CZ|CL|CO|DK|DE|EC|ES|FR|HK|HR|IN|ID|IE|IT|HU|MY|MX|NL|NZ|NO|AT|PE|PH|PL|PT|RO|CH|SG|SK|ZA|FI|SE|TR|GB|GR|IL|AE|PK|JP","v1:0de0556315aa1fa5947ec4079a597f51fdf4a29e4b6e9bd5cd123b2d06e028a4","day-one"
"DayZ","http","dayz.com","GET","true","true","downdetector","AU|BE|CA|DE|EC|ES|FR|IE|IT|MX|NL|NZ|AT|PL|CH|SE|GB|JP","v1:eb8966d644f60893537a2fc6204edccb3b793f717bf1597e8a97b02bbc5ec57e","dayz"
"Dazn","http","dazn.com","GET","true","true","downdetector","CA|DE|ES|IT|AT|CH|GB|JP","v1:c19421d2efe1fbdbdd73a0ade07f262488b235daedb65a1a855c3f399eb64d15","dazn"
"Dead By Daylight","http","deadbydaylight.com","GET","true","true","downdetector","AR|AU|BE|CA|CZ|CL|CO|DK|DE|EC|ES|FR|GT|HK|HR|IN|ID|IE|IT|KE|HU|MY|MX|NL|NZ|NG|NO|AT|PY|PE|PH|PL|PT|PR|RO|CH|SG|SI|SK|ZA|FI|SE|TR|GB|UY|GR|RS|UA|IL|AE|BH|MA|PK|TW|JP","v1:54b8bfca04a9f5d7d7e897f7f2b9e7caad504b72f074d7a8f6b1627898d97d60","dead-by-daylight"
"DeepL","http","www.deepl.com","GET","true","true","downdetector","DE|JP","v1:77a7eebd02365854b39ea84f79b9a4a1cb8cc41c855e421ccc04664182a80ab5","deepl"
"DeepSeek","http","www.deepseek.com","GET","true","true","downdetector","AR|AU|BE|CA|CZ|CL|CO|DK|DE|EC|ES|FR|HK|HR|IN|ID|IE|IT|HU|MY|NL|NZ|NO|AT|PE|PH|PL|PT|RO|CH|SG|SK|ZA|FI|SE|TR|GB|GR|IL|AE|PK|TW|JP","v1:2aeb4282ae1be5fa881301fa30ddbb2baa39177832e33abb333c042e9c10f900","deepseek"
"Deezer","http","deezer.com","GET","true","true","downdetector","AU|BE|DK|DE|ES|FR|IE|IT|MX|NL|AT|PL|PT|CH|ZA|GB|IL","v1:6212eafb6620b29a56506b6327521a368d49820c764dac36030a5379b70401ac","deezer"
"Deliveroo","http","deliveroo.com","GET","true","true","downdetector","AU|BE|DE|ES|FR|HK|IE|IT|NL|SG|GB|AE","v1:62ddc0e2757807271f9a54ce2369cd8b17b10df5bdf8b55e33e0699665d6eeca","deliveroo"
"Delta","http","delta.nl","GET","true","true","downdetector","NL","v1:499c9fbceb429acad02bbcbdb82d47df39e42f87611e033c8f43d9beb51cda6f","delta"
"Destiny","http","www.bungie.net","GET","true","true","downdetector","AR|AU|BE|CA|CZ|CL|CO|DK|DE|EC|ES|FR|GT|HK|HR|IN|ID|IE|IT|KE|HU|MY|MX|NL|NZ|NG|NO|AT|PY|PE|PH|PL|PT|PR|RO|CH|SG|SI|SK|ZA|FI|SE|TR|GB|UY|GR|RS|UA|IL|AE|BH|MA|PK|TW|JP","v1:584af38a984d9ca8522af0af7fe5375320da784bd7f6f175c933b1df1e7eadbd","destiny"
"Deutsche Bahn","http","www.bahn.de","GET","true","true","downdetector","DE","v1:48b77a42ca4f9edc95818c07188b14b6126668fef5595ce2b276fc69fe6f1db4","deutsche-bahn"
"DeviantArt","http","deviantart.com","GET","true","true","downdetector","GB","v1:cbd23c050b98aad2f58278b775a39a388751489209600f40bf20d90c03ccf4d3","deviantart"
"DHL","http","dhl.com","GET","true","true","downdetector","AU|DE|ES|IT|NL|AT|GB|IL","v1:81b4264a24fa2929e6462f3dad46e9063524ad62a90cb5dcc3f6a2ff534b9624","dhl"
"Diablo","http","diablo4.blizzard.com","GET","true","true","downdetector","AR|AU|BE|CA|CZ|CL|CO|DK|DE|EC|ES|FR|GT|HK|HR|IN|ID|IE|IT|KE|HU|MY|MX|NL|NZ|NG|NO|AT|PY|PE|PH|PL|PT|PR|RO|CH|SG|SI|SK|ZA|FI|SE|TR|GB|UY|GR|RS|UA|IL|AE|BH|MA|PK|TW|JP","v1:9c8c0b13fa657c09c95ea95c97629aa2cc128278769e4a6aa4937facd3ad7369","diablo"
"Digicert","http","www.digicert.com","GET","true","true","downdetector","AR|AU|BE|CA|CZ|CL|CO|DK|DE|EC|ES|FR|GT|HK|HR|IN|ID|IE|IT|KE|HU|MY|MX|NL|NZ|NG|NO|AT|PY|PE|PH|PL|PT|PR|RO|CH|SG|SI|SK|ZA|FI|SE|TR|GB|UY|GR|RS|UA|IL|AE|BH|MA|PK|TW|JP","v1:b5295ef7ec86d5deaac87d66ee56d1461dca283a53434b56754eddb4eba97420","digicert"
"DigitalOcean","http","www.digitalocean.com","GET","true","true","downdetector","AR|AU|BE|CA|CZ|CL|CO|DK|DE|EC|ES|FR|GT|HK|HR|IN|ID|IE|IT|KE|HU|MY|MX|NL|NZ|NG|NO|AT|PY|PE|PH|PL|PT|PR|RO|CH|SG|SI|SK|ZA|FI|SE|TR|GB|UY|GR|RS|UA|IL|AE|BH|MA|PK|TW|JP","v1:464e1d0d1512915051172822a08a6e2e19343f0f442b7a867c57e8014ddf79f5","digitalocean"
"Discogs","http","www.discogs.com","GET","true","true","downdetector","AR|AU|BE|CA|CZ|CL|CO|DK|DE|EC|ES|FR|GT|HK|HR|IN|ID|IE|IT|KE|HU|MY|MX|NL|NZ|NG|NO|AT|PE|PH|PL|PT|PR|RO|CH|SG|SK|ZA|FI|SE|TR|GB|GR|RS|UA|IL|AE|BH|MA|PK|TW|JP","v1:68e304c858237c132eba689281ef21c937076136e76bde3a58b7bc17dc53743c","discogs"
"Discord","http","discord.com","GET","true","true","downdetector","AR|AU|BE|CA|CZ|CL|CO|DK|DE|EC|ES|FR|GT|HK|HR|IN|ID|IE|IT|KE|HU|MY|MX|NL|NZ|NG|NO|AT|PY|PE|PH|PL|PT|PR|RO|CH|SG|SI|SK|ZA|FI|SE|TR|GB|UY|GR|RS|UA|IL|AE|BH|MA|PK|TW|JP","v1:9d328599f3ac25345b93186216ffa317a4f3e40d65bdab29eff3f2ebd2ffd3d4","discord"
"DMM.com","http","dmm.com","GET","true","true","downdetector","JP","v1:9d7625221f49f46babaa7e2fe7dac91672af326de650685fc56824b18951fbc0","dmm-com"
"dns0.eu","http","dns0.eu","GET","true","true","downdetector","DE|ES|FR|IT|GB","v1:6a2350071e4139b2a47f50f532544b56193c5b14fbb647a3faf2c9181d1cb3b2","dns0-eu"
"Docker","http","www.docker.com","GET","true","true","downdetector","DE|ES|FR|IT|PL|GB|JP","v1:69e2c1e3dc6754091b4988dfd06d5daa21f6694a5c43cb3241d170cf84898fbd","docker"
"DoorDash","http","www.doordash.com","GET","true","true","downdetector","AU|CA","v1:fd86cd66f082892eeb9a451dfe9d1ce08957b11ee98ff6089d9bf953244c9a4b","doordash"
"dpd","http","www.dpd.com","GET","true","true","downdetector","DE","v1:ddebfb65b8f3b798e7701e1271e380e03c4f9910d9eaea93001ea602ffd40aea","dpd"
"Dpd","http","dpd.nl","GET","true","true","downdetector","NL","v1:75d40e553aadefb9db44604a5854c0f820a65c4a35bec5421d3a680a9f68fa1b","dpd"
"Dpd","http","dpd.co.uk","GET","true","true","downdetector","GB","v1:1615f6550d1e876ecce3ed6048a2a175683ac2513b463a20d6589f5c69fd100e","dpd"
"DreamHost","http","www.dreamhost.com","GET","true","true","downdetector","AR|AU|BE|CA|CZ|CL|CO|DK|DE|EC|ES|FR|GT|HK|HR|IN|ID|IE|IT|KE|HU|MY|MX|NL|NZ|NG|NO|AT|PY|PE|PH|PL|PT|PR|RO|CH|SG|SI|SK|ZA|FI|SE|TR|GB|UY|GR|RS|UA|IL|AE|BH|MA|PK|TW|JP","v1:3c204beea317475ef36ebad4e9181214e944701680094c10f2e1900b5ade1803","dreamhost"
"dro.pm","http","dro.pm","GET","true","true","downdetector","DE|FR|GB","v1:95e01766c99bb2fbbb6db43e59355328825dfadb79eb434ebed7ce3fb140b3c3","dro-pm"
"Dropbox","http","www.dropbox.com","GET","true","true","downdetector","AU|BE|CA|DE|ES|FR|IN|IT|MX|NL|AT|PL|CH|SG|GB|TW|JP","v1:cc77bd4cae08d6947b6664be3ddea086a0fd6499972d8be7f9bde2b9a7bcdcb4","dropbox"
"Droplr","http","droplr.com","GET","true","true","downdetector","AR|AU|BE|CA|CZ|CL|CO|DK|DE|EC|ES|FR|GT|HK|HR|IN|ID|IE|IT|KE|HU|MY|MX|NL|NZ|NG|NO|AT|PY|PE|PH|PL|PT|PR|RO|CH|SG|SI|SK|ZA|FI|SE|TR|GB|UY|GR|RS|UA|IL|AE|BH|MA|PK|TW|JP","v1:a7974f1c2dc69dbde4e6bbbde46592cd1d867c19365fa695807f9604137978a2","droplr"
"Duck.ai","http","duck.ai","GET","true","true","downdetector","AU|BE|CA|DE|ES|FR|IE|IT|MX|NL|AT|PL|CH|SG|ZA|SE|GB|JP","v1:b5944c70cddb790e7ab3013096d4c8576576ae5c300d0588f00a7b7c2b500425","duck-ai"
"Duo","http","duo.com","GET","true","true","downdetector","AR|AU|BE|CA|CZ|CL|CO|DK|DE|EC|ES|FR|HK|HR|IN|ID|IE|IT|HU|MY|MX|NL|NZ|NO|AT|PE|PH|PL|PT|RO|CH|SG|SK|ZA|FI|SE|TR|GB|GR|IL|AE|PK|JP","v1:13125f86a6f52524e2d5e7c095bb09addbd44b65c64ae7c42d75a25f58235396","duo"
"Duolingo","http","duolingo.com","GET","true","true","downdetector","AR|AU|CA|CL|DK|DE|FR|HR|IN|IE|IT|MY|MX|NL|NZ|AT|PL|SG|SK|ZA|SE|GB|JP","v1:cb7530129bbbad27c9ac1c0e94856ea07b6d53e8792317fb211e622ec17cb75d","duolingo"
"Dynatrace","http","www.dynatrace.com","GET","true","true","downdetector","JP","v1:b65faab1092b95782bf27465d75205529dbccebd7ebf25a76a1f9e55014ef96e","dynatrace"
"e.on","http","eon.pl","GET","true","true","downdetector","PL","v1:c05d669b0e1cd7c2cb38993f824e47f43accec994ab9edf4394a09f13b9da09f","e-on"
"E.ON","http","eonnext.com","GET","true","true","downdetector","GB","v1:f2f0e2c5bb6921eeb0684936ac3c2d64802772ce9ce429bd350182a4a98f0baf","e-on"
"EA App","http","www.ea.com","GET","true","true","downdetector","AR|AU|BE|CA|CZ|CL|CO|DK|DE|EC|ES|FR|GT|HK|HR|IN|ID|IE|IT|KE|HU|MY|MX|NL|NZ|NG|NO|AT|PY|PE|PH|PL|PT|PR|RO|CH|SG|SI|SK|ZA|FI|SE|TR|GB|UY|GR|RS|UA|IL|AE|BH|MA|PK|TW|JP","v1:0c8a44ae9f3854344e1bdacad347b663643c0a2cd9ea2ccf3922b6299367fd5d","ea-app"
"EA Sports FC","http","www.ea.com","GET","true","true","downdetector","AR|AU|BE|CA|CZ|CL|CO|DK|DE|EC|ES|FR|GT|HK|HR|IN|ID|IE|IT|KE|HU|MY|MX|NL|NZ|NG|NO|AT|PY|PE|PH|PL|PT|PR|RO|CH|SG|SI|SK|ZA|FI|SE|TR|GB|UY|GR|RS|UA|IL|AE|BH|MA|PK|TW|JP","v1:f19b8efe2905b89364bbd5fb7f2a3391a3ec5133c10ce9432db0293afd644b06","ea-sports-fc"
"EA Sports UFC","http","www.ea.com","GET","true","true","downdetector","AR|AU|BE|CA|CZ|CL|CO|DK|DE|EC|ES|FR|GT|HK|HR|IN|ID|IE|IT|KE|HU|MY|MX|NL|NZ|NG|NO|AT|PY|PE|PH|PL|PT|PR|RO|CH|SG|SI|SK|ZA|FI|SE|TR|GB|UY|GR|RS|UA|IL|AE|BH|MA|PK|TW|JP","v1:49363632de2e9275156d988955e44d35dd72494f708167a987d8fd5c09872a03","ea-sports-ufc"
"Easyjet","http","www.easyjet.com","GET","true","true","downdetector","GB","v1:6b4ef96fe1a9c2ba4bc4b008e77ac9264030e0f8bf9f1bbcabd9ce084f8005b6","easyjet"
"eBay","http","ebay.com","GET","true","true","downdetector","AR|CZ|CL|CO|DK|EC|GT|HR|ID|KE|HU|MX|NZ|NG|NO|PY|PE|PT|PR|RO|SI|SK|ZA|FI|SE|TR|UY|GR|UA|IL|AE|BH|MA|PK|TW|JP","v1:5f4f6d3f551619e2092b1ad6fdea0231fdc7b963aac4b20c8387d1713953f248","ebay"
"eBay","http","ebay.com.au","GET","true","true","downdetector","AU","v1:3f2b6a58cc2b3d193f3f27021e4ba4b0d8db34eb2f7dd8a31fe23d8177515dae","ebay"
"eBay","http","ebay.be","GET","true","true","downdetector","BE","v1:1285b7445a302326c3b182a359e974f4e3ff1fa8625ad37f4e3ae62ea768fc7e","ebay"
"eBay","http","ebay.ca","GET","true","true","downdetector","CA","v1:d27ce04834d4f9ce6c2fcaca91121b283ad6c2b45b0c90749da08c079fef7d52","ebay"
"eBay","http","ebay.de","GET","true","true","downdetector","DE","v1:c430ef8291c2d934296e8929294fa16887c4e001d2b570d3ea3c90d24deb04c7","ebay"
"eBay","http","ebay.es","GET","true","true","downdetector","ES","v1:0cedd52412e8186ccd33659c6f20fab72c926025bf9ce2f4280ddf32083f76b4","ebay"
"eBay","http","ebay.fr","GET","true","true","downdetector","FR","v1:da3bdea790994b8f27573956de214d295690a520f41cfa4118593ad2b0f3cc0b","ebay"
"eBay","http","ebay.com.hk","GET","true","true","downdetector","HK","v1:e1a3457f270518baa9af1bec41752130c980e8055c0b04e7dc909f12d499b881","ebay"
"eBay","http","ebay.in","GET","true","true","downdetector","IN","v1:18537f66aaf33fa1a524c2f43f0d2aeeba1e23e0c044ae960d8b8c57e760e4c9","ebay"
"eBay","http","ebay.ie","GET","true","true","downdetector","IE","v1:a61bc209089f24f3df88e6fbac7955bbe3772aa48d29bf91a333a9ea0fb81a25","ebay"
"eBay","http","ebay.it","GET","true","true","downdetector","IT","v1:834c02e7c83fb40012e7d465df27b7b047a17fd6dcbdafe05dae05dbe61494d8","ebay"
"eBay","http","ebay.com.my","GET","true","true","downdetector","MY","v1:0bd65410ef0cf698ee057e28baba74fc268934e7e87441c515f6905831f465d3","ebay"
"eBay","http","ebay.nl","GET","true","true","downdetector","NL","v1:17c3cf855ee3a81286726a60c8aec45c421bd192109cecc87306d660362e4f8d","ebay"
"eBay","http","ebay.at","GET","true","true","downdetector","AT","v1:929a81f5844f749e6bbed87757b8da64574c35713d1b7a879774981e48ab8ec8","ebay"
"eBay","http","ebay.ph","GET","true","true","downdetector","PH","v1:91454314030b6c9d26e275b5fb6ea150558569244f27096e387fd811f06eecd2","ebay"
"eBay","http","ebay.pl","GET","true","true","downdetector","PL","v1:31882d12e17199fe08e0b0b45027018dc2cef0b364d0ee8f2fbb2b4dc49942a7","ebay"
"eBay","http","ebay.ch","GET","true","true","downdetector","CH","v1:c5a1899e87a219d6fe064a815d04fefc958818292c54ca723fb6d1504f088122","ebay"
"eBay","http","ebay.com.sg","GET","true","true","downdetector","SG","v1:f8700cb47a2e51eb0cc93f9ab285d4e8a1c1e8c5519a5f9729d82e6ea9115a45","ebay"
"eBay","http","ebay.co.uk","GET","true","true","downdetector","GB","v1:9568a79e3bcfd7133cd4bfae5b3a5ac651314a6f45143f1965191ad00cd89e02","ebay"
"Ebox","http","www.ebox.ca","GET","true","true","downdetector","CA","v1:a076a6ca5f24066c1c6ad56c8e96d24e9ec58254299782cc830f1ff23b653dcd","ebox"
"edX","http","www.edx.org","GET","true","true","downdetector","AR|AU|BE|CA|CZ|CL|CO|DK|DE|EC|ES|FR|HR|ID|IE|IT|HU|MY|MX|NL|NZ|NO|AT|PE|PH|PL|PT|RO|CH|SG|SK|ZA|FI|SE|TR|GB|GR|AE|PK|JP","v1:c9eee062372794f9781d35e1e4516d06989400eca0dfc1fb4fbc55fbfde9037a","edx"
"Ekahau Cloud","http","www.ekahau.cloud","GET","true","true","downdetector","AR|AU|BE|CA|CZ|CL|CO|DK|DE|EC|ES|FR|HK|HR|IN|ID|IE|IT|HU|MY|MX|NL|NZ|NO|AT|PE|PH|PL|PT|RO|CH|SG|SK|ZA|FI|SE|TR|GB|GR|IL|AE|PK|TW|JP","v1:857435b34b8708aac40c9a5139d4a901f2d449dcb3258a1eb68eca94a7235a85","ekahau-cloud"
"Elastic (ELK Stack)","http","www.elastic.co","GET","true","true","downdetector","AR|AU|BE|CA|CZ|CL|CO|DK|DE|EC|ES|FR|GT|HK|HR|IN|ID|IE|IT|KE|HU|MY|MX|NL|NZ|NG|NO|AT|PY|PE|PH|PL|PT|PR|RO|CH|SG|SI|SK|ZA|FI|SE|TR|GB|UY|GR|RS|UA|IL|AE|BH|MA|PK|TW|JP","v1:1603911d85c5219d72ef245d910802fb92d76210b7bbab18b2a2257ae1699d93","elastic-elk-stack"
"Element","http","element.io","GET","true","true","downdetector","GB","v1:94309d9d1e488923f506811deeeed3439bdfea380800414b0ea45e2e5183749b","element"
"Elementor","http","elementor.com","GET","true","true","downdetector","ES|HR|IT|PL|GB","v1:a95430db2ed9722e1be945ee85e54df0949649ddee5fd15bda3350fa1a8381c1","elementor"
"ElevenLabs","http","elevenlabs.io","GET","true","true","downdetector","IT|PL","v1:27dec4f0b46b5b9956e56de88389ccae3e5b0570587ade3a8439bc2f143ec6fb","elevenlabs"
"Emirates","http","www.emirates.com","GET","true","true","downdetector","GB|AE","v1:ce2f1c452269c22ec72905c308a5b72e5c8d6b3c816213406e83203b3081b042","emirates"
"Enterprise","http","enterprise.com.ar","GET","true","true","downdetector","AR","v1:ef8c38e8996b3f979ea98fb6fcafc5d59275394d314bf750ed1fc1c83761325c","enterprise"
"Enterprise","http","enterpriserentacar.com.au","GET","true","true","downdetector","AU","v1:60197ccb6878b1a3843f1cd073820e281b99c4f8ad7767b867d24c1c231cd5fa","enterprise"
"Enterprise","http","enterpriserentacar.be","GET","true","true","downdetector","BE","v1:b004095cd157913a334a34e83fdc53e11589a891cf14fd20b4dd38f9b0c21ad0","enterprise"
"Enterprise","http","enterprise.ca","GET","true","true","downdetector","CA","v1:d4ae3df8411c69b3f820f09cea57558cc3a55865c366c9614ed1da64ef42f60e","enterprise"
"Enterprise","http","enterpriserentacar.cz","GET","true","true","downdetector","CZ","v1:c3a35da7998e08b604cefb3a6153bc0c3adae498b9f629414e804886dd1f6af3","enterprise"
"Enterprise","http","enterprise.co","GET","true","true","downdetector","CO","v1:975eb6331e0c93973ea708d5baf22720614de5f5101d973a4ee35f152c7a27bb","enterprise"
"Enterprise","http","enterprise.dk","GET","true","true","downdetector","DK","v1:523614ef32bca4df9f99f7004e0cb94b4b4f41b3d3ce67cecbc6b4a1273afa1a","enterprise"
"Enterprise","http","enterprise.de","GET","true","true","downdetector","DE","v1:0013e532d06deb3895c6b39338caa980d3dc3076a33dc16722676f8189286192","enterprise"
"Enterprise","http","enterprise.ec","GET","true","true","downdetector","EC","v1:4427dee646e41cbfb81699376d217f362c286f9598d672df80d1f66548eaaf65","enterprise"
"Enterprise","http","enterprise.es","GET","true","true","downdetector","ES","v1:91333ba84aa2bf3cade56352435e8985fa7248b596c7da919aad2a2dead566b3","enterprise"
"Enterprise","http","enterprise.fr","GET","true","true","downdetector","FR","v1:a56ec4b171313714b55a3601576d5987f260fe6eaee89f5e1810bf95d50822fa","enterprise"
"Enterprise","http","enterprise.gt","GET","true","true","downdetector","GT","v1:e34d708abf140ccd42e20efc5164a90d236f9b06366219f0abbb2d4b4544e219","enterprise"
"Enterprise","http","enterprise.hr","GET","true","true","downdetector","HR","v1:c911d5a9fec5d2ca9e37254eb64ecb3355612ecfd8a8aa5f301b76c75dae3e8d","enterprise"
"Enterprise","http","enterprise.ie","GET","true","true","downdetector","IE","v1:c091a48446e5154f525af3672ee8bb8710582768605c5b287acd42473946da3c","enterprise"
"Enterprise","http","enterpriserentacar.it","GET","true","true","downdetector","IT","v1:6da23304d3a3b435dd6de05a605c648dbd5c8b52ead203140e170c2f91d043a1","enterprise"
"Enterprise","http","enterprise.hu","GET","true","true","downdetector","HU","v1:f3a2d962908b13b6384693f5203b3fe34e8b487a723575bf4f9455582e6c3b89","enterprise"
"Enterprise","http","enterprise.mx","GET","true","true","downdetector","MX","v1:c403474d9591e0fc6218d463a7671f0613d9a53dbba43f93fcaed768d032e87f","enterprise"
"Enterprise","http","enterprise.nl","GET","true","true","downdetector","NL","v1:de4115c551c3812a205e7936c2ca3b7c39294cd48977fed9500fe0c66fedc387","enterprise"
"Enterprise","http","enterpriserentacar.co.nz","GET","true","true","downdetector","NZ","v1:c244a0908d2ec46f14566bb64aa7e08a7e1fbe0580e493f42b874c423a3ceb34","enterprise"
"Enterprise","http","enterprise.no","GET","true","true","downdetector","NO","v1:dc6b3583b99b646710a7c1e85c6256b04ab28834c97a66d1ee9c3a46e736e1a2","enterprise"
"Enterprise","http","enterpriserentacar.at","GET","true","true","downdetector","AT","v1:c7d42f450d01f44adc0a59e538fef13c71e85f0dd11422461cdc5ec535285efb","enterprise"
"Enterprise","http","enterprise.pe","GET","true","true","downdetector","PE","v1:e677c311449d908ab84e081c1b7297e36f01f9b15414e37f6b23029bc9526aa8","enterprise"
"Enterprise","http","enterpriserentacar.pl","GET","true","true","downdetector","PL","v1:b3e402c6e20b3a27fe26cdcf5f12a1a30bf3b85022fd807fdb289349498065a8","enterprise"
"Enterprise","http","enterprise.pt","GET","true","true","downdetector","PT","v1:024edbd624a6c5aeeba0417722876e927fb4a5318773944785842a03af8f815a","enterprise"
"Enterprise","http","enterprise.ro","GET","true","true","downdetector","RO","v1:4eee1053b5a4138b4f0d29eee93d762f8077fb2102d6fc55c4155e3859fe8d1e","enterprise"
"Enterprise","http","enterprise.ch","GET","true","true","downdetector","CH","v1:e74959dd23ee83b2f4274a467890146a0001a90f26a0e8be681ba547f63c11d8","enterprise"
"Enterprise","http","enterprise.co.za","GET","true","true","downdetector","ZA","v1:d63a3ba5e9715b9a5a2d82b246e1d3400719589733b0f751751b742175670ec0","enterprise"
"Enterprise","http","enterprise.fi","GET","true","true","downdetector","FI","v1:08f89b30efcf0cce93856590ad06df6c06dacf980464112ce08596b91ac670fa","enterprise"
"Enterprise","http","enterprise.se","GET","true","true","downdetector","SE","v1:68c964dd2e5f07ceae2821651fad341a8e817c7dd416f767a1ec776a4a414217","enterprise"
"Enterprise","http","enterprise.com.tr","GET","true","true","downdetector","TR","v1:d5f827997e095f98f9583a539bd8e214cddd546aed9130945491b516c8a44f76","enterprise"
"Enterprise","http","enterprise.co.uk","GET","true","true","downdetector","GB","v1:ce692a3cedf7a5f1f08e3e8b44421ddf0ba063e80eaaaeccd964f27db97621ac","enterprise"
"Enterprise","http","enterprise.gr","GET","true","true","downdetector","GR","v1:8cc348d840a03dcc8ba2ae2c6758a15b6a79910cc9702f9ae166495e4cb154e5","enterprise"
"Enterprise","http","enterprise.rs","GET","true","true","downdetector","RS","v1:28bab42a46dffe18d8c604c3be48c9ae92498bc29ac250a32eaba699a1543488","enterprise"
"Entrust","http","www.entrust.com","GET","true","true","downdetector","AR|AU|BE|CA|CZ|CL|CO|DK|DE|EC|ES|FR|GT|HK|HR|IN|ID|IE|IT|KE|HU|MY|MX|NL|NZ|NG|NO|AT|PY|PE|PH|PL|PT|PR|RO|CH|SG|SI|SK|ZA|FI|SE|TR|GB|UY|GR|RS|UA|IL|AE|BH|MA|PK|TW|JP","v1:a1391087cfe604a836acc9eb23618929de1ae7a9f71b7d473d85bded139b4b5f","entrust"
"Envato","http","envato.com","GET","true","true","downdetector","GB","v1:d2bf836449303e47b7f6a818f18a35e54513bcb993702692e7328f060d9fdae7","envato"
"Etoro","http","etoro.com","GET","true","true","downdetector","AR|AU|BE|CA|CZ|CL|CO|DK|DE|EC|ES|FR|HK|HR|IN|ID|IE|IT|HU|MY|MX|NL|NZ|NO|AT|PE|PH|PL|PT|RO|CH|SG|SK|ZA|FI|SE|TR|GB|GR|AE|PK|JP","v1:078fa90a12327748811705ff8af67b2e97a195844b49259329dce228001678a0","etoro"
"Etsy","http","www.etsy.com","GET","true","true","downdetector","AU|CA|DE|ES|FR|IN|IE|IT|NL|NZ|PL|PT|GB|GR|AE|JP","v1:0016372e6d70631fa7167fb4d8340e80a1d538f0407079eda6630771ef0f796d","etsy"
"Euronet","http","euronet.com","GET","true","true","downdetector","AR|AU|BE|CA|CZ|CL|CO|DK|DE|EC|ES|FR|GT|HK|HR|IN|ID|IE|IT|KE|HU|MY|MX|NL|NZ|NG|NO|AT|PY|PE|PH|PL|PT|PR|RO|CH|SG|SI|SK|ZA|FI|SE|TR|GB|UY|GR|RS|UA|IL|AE|BH|MA|PK|TW|JP","v1:53fd95fc0f6488b97cf0747adc70d42fe55b8baccd100a262225786240313bf2","euronet"
"EVE Online","http","www.eveonline.com","GET","true","true","downdetector","AU|BE|CA|DK|DE|ES|FR|HK|HR|IN|IE|MY|NL|NZ|NO|RO|SG|JP","v1:2cf572eaefe1a53167dc02b2b7f3253e36e74ccb9cb3f83707e17bb71812b6a5","eve-online"
"Evernote","http","evernote.com","GET","true","true","downdetector","DE|IT|NZ|GB","v1:220fdca18aea3cf005e13d180eb79f19c844188d0e66dddffac788de68fccc99","evernote"
"Expensify","http","expensify.com","GET","true","true","downdetector","GB","v1:832a04cebbbfb198a8d7e44921a16a18bd3e7c401749f35a77aae9d4f8da22b2","expensify"
"ExpressVPN","http","www.expressvpn.com","GET","true","true","downdetector","AR|AU|BE|CA|CZ|CL|CO|DK|DE|EC|ES|FR|HR|ID|IE|IT|HU|MY|MX|NL|NZ|NO|AT|PE|PH|PL|PT|RO|CH|SG|SK|FI|SE|GB|GR|IL|TW|JP","v1:02cc823c86ebe6940746df703a2ac0898ad081c52c99c7eab6871cd82e147d3f","expressvpn"
"Faceit","http","faceit.com","GET","true","true","downdetector","AR|AU|BE|CA|CZ|CL|CO|DK|DE|EC|ES|FR|GT|HK|HR|IN|ID|IE|IT|KE|HU|MY|MX|NL|NZ|NG|NO|AT|PY|PE|PH|PL|PT|PR|RO|CH|SG|SI|SK|ZA|FI|SE|TR|GB|UY|GR|RS|UA|IL|AE|BH|MA|PK|TW|JP","v1:ff371a82216110acc7ae458f6de207ce11e2cefd5c73ac3fa60ee5af60676a53","faceit"
"Facetime","http","apple.com","GET","true","true","downdetector","AR|AU|BE|CA|CZ|CL|CO|DK|DE|EC|ES|FR|GT|HK|HR|IN|ID|IE|IT|KE|HU|MY|MX|NL|NZ|NG|NO|AT|PY|PE|PH|PL|PT|PR|RO|CH|SG|SI|SK|ZA|FI|SE|TR|GB|UY|GR|RS|UA|IL|AE|BH|MA|PK|TW|JP","v1:1e331db2825080577795bac4e61bf0be628f8c816855f2238c0f091662b1dffc","facetime"
"Fakturan.nu","http","fakturan.nu","GET","true","true","downdetector","SE","v1:8e59aa08a67e199b624c6404907fda827bf62a5e89d19048d31d24b4f3f3c974","fakturan-nu"
"fal.ai","http","fal.ai","GET","true","true","downdetector","AU|BE|CA|DE|ES|FR|IE|IT|MX|NL|AT|PL|CH|SG|ZA|SE|GB|JP","v1:36855a2a76de30de6a6f4c27e126999fcfb35d3717f3a096b9907d559223d121","fal-ai"
"Fall Guys","http","www.fallguys.com","GET","true","true","downdetector","AR|AU|BE|CA|CZ|CL|CO|DK|DE|EC|ES|FR|GT|HK|HR|IN|ID|IE|IT|KE|HU|MY|MX|NL|NZ|NG|NO|AT|PY|PE|PH|PL|PT|PR|RO|CH|SG|SI|SK|ZA|FI|SE|TR|GB|UY|GR|RS|UA|IL|AE|BH|MA|PK|TW|JP","v1:16582f9de8d1a8fa4c7488304ccb156e434ea7ae1784ebe216fe700a121fe389","fall-guys"
"Fallout 4","http","fallout.bethesda.net","GET","true","true","downdetector","AR|CA|CO|ES|ID|IE|MX|NO|PR|ZA|TR|GB|UY|PK","v1:45ef4b7ffa5aa5d4fefe2a8c2aedbf6a008ce6b05657d5d8d14ae76ef0b97648","fallout-4"
"Fallout 76","http","fallout.bethesda.net","GET","true","true","downdetector","AR|AU|BE|CA|CZ|CO|DE|ES|FR|GT|HK|ID|IE|IT|MX|NL|NO|PY|PL|PT|PR|CH|SG|SI|ZA|FI|TR|GB|UY|IL|AE|MA|PK|TW","v1:61adc603da4b00693e3981f106ccd3ad307fa272720e258fc687f3d5dd154258","fallout-76"
"Fandom","http","fandom.com","GET","true","true","downdetector","GB","v1:aa39cfe95cb64f622ede6cb191fe011d4463b6db6f964e70a5156be6c6e4bf71","fandom"
"Fanfiction","http","www.fanfiction.net","GET","true","true","downdetector","AU|CA|DK|DE|FR|MX|NL|NZ|PH|PL|ZA|GB|PK","v1:dab9cd6252c72cd505778e346528240b0c6a7d961427d6ad9daa257f87a987c7","fanfiction"
"Fastly","http","fastly.com","GET","true","true","downdetector","AR|AU|BE|CA|CZ|CL|CO|DK|DE|EC|ES|FR|GT|HK|HR|IN|ID|IE|IT|KE|HU|MY|MX|NL|NZ|NG|NO|AT|PY|PE|PH|PL|PT|PR|RO|CH|SG|SI|SK|ZA|FI|SE|TR|GB|UY|GR|RS|UA|IL|AE|BH|MA|PK|TW|JP","v1:0a15e7d377ffba435a86fbefa2fb7593ddd5e4c6ede4168dd1ffb9bb85b10ef0","fastly"
"FedEx","http","fedex.com","GET","true","true","downdetector","CA|IT|GB|AE","v1:c94c901032a73fcad6232fd444af0867d6ffd338bfb9f2a7edb03ceac1a3fd36","fedex"
"Feedly","http","feedly.com","GET","true","true","downdetector","AR|DE|ES|FR|IN|IE|IT|NL|AT|PH|PL|SG|SE|GB|JP","v1:ad265a6dab70868724f331204a950ea3160fb4b83434adf4bf757023b11d525e","feedly"
"Felicloud","http","felicloud.com","GET","true","true","downdetector","BE|CZ|DK|DE|ES|FR|IE|IT|NL|AT|PL|PT|CH|SK|SE|GB","v1:e4ab26a871fcda3d5a55ea34f021b69731d54b918fa47911251a3c5209657124","felicloud"
"Figma","http","www.figma.com","GET","true","true","downdetector","AR|AU|BE|CA|CZ|CL|CO|DK|DE|EC|ES|FR|HK|HR|IN|ID|IE|IT|HU|MY|MX|NL|NZ|NO|AT|PE|PH|PL|PT|RO|CH|SG|SK|ZA|FI|SE|TR|GB|GR|IL|AE|PK|JP","v1:8eb76b5221f24c5ba45f9b0544007aa253ae5a537a3f69b68471e0a0821f1bcd","figma"
"Finanzen.net","http","finanzen.net","GET","true","true","downdetector","DE|AT|CH","v1:1d42ffc5dede053fc4b5a2abe019ce21828f26147ad69f6ddf855663f505463f","finanzen-net"
"Fineco","http","finecobank.com","GET","true","true","downdetector","IT","v1:2e3c5fdacb4aa6fb3a0e8ff6f4c65ff32486b3f32323d6e14d939ce8e315c359","fineco"
"fireflies.ai","http","fireflies.ai","GET","true","true","downdetector","IT","v1:bc601aab155b28722ec00377c461ceef73e771f537c855b0e1a08061fd1589af","fireflies-ai"
"Fitbit","http","www.fitbit.com","GET","true","true","downdetector","AU|CA|DE|TR|GB|IL","v1:acb1b4217c83980df68fd695acb3ecc534b649ab2e44ab0e593918785eae41df","fitbit"
"FiveM","http","fivem.net","GET","true","true","downdetector","AR|AU|BE|CA|CZ|CL|CO|DK|DE|EC|ES|FR|HK|HR|IN|ID|IE|IT|HU|MY|MX|NL|NZ|NO|AT|PE|PH|PL|PT|RO|CH|SG|SK|ZA|FI|SE|TR|GB|GR|AE|PK|JP","v1:485b0aefe476aca3a0a4f2e29030e3065bcc04d464fc0769ba432933674209ac","fivem"
"Fizz","http","fizz.ca","GET","true","true","downdetector","CA","v1:72b2635db4b0aed6b34e0d9c9811134cad90c91ff7ab774cb1bb63a964b7ae44","fizz"
"Flickr","http","www.flickr.com","GET","true","true","downdetector","AU|CA|DE|FR|IT|NL|AT|CH|GB","v1:022f92d8af0a6826d9abd3db1824bc9310b50f9af7b85c222739ece7e86300ec","flickr"
"Flightradar24","http","www.flightradar24.com","GET","true","true","downdetector","AR|AU|BE|CA|CZ|CL|CO|DK|DE|EC|ES|FR|HK|HR|IN|ID|IE|IT|HU|MY|MX|NL|NZ|NO|AT|PE|PH|PL|PT|RO|CH|SG|SK|ZA|FI|SE|TR|GB|GR|IL|AE|PK|JP","v1:f37a13b724362c63bc095e38b1f83196014ea0355ad6fc191bade350dcfc888f","flightradar24"
"Flock","http","www.flock.com","GET","true","true","downdetector","AU|BE|CA|DK|DE|ES|FR|HK|IE|IT|NL|NZ|NO|AT|PL|PT|CH|SG|SK|ZA|FI|SE|GB|GR","v1:69bc36c06dd7fa6e454a6ffaf6bdcde2b083ceb08c034f68eae34f0e26625a55","flock"
"Fnac","http","www.fnac.com","GET","true","true","downdetector","FR","v1:46ce2137dceaa28dd892fc0d5c606e9525534e3491fd8f578f804220335933ae","fnac"
"foodpanda","http","www.foodpanda.com","GET","true","true","downdetector","PH","v1:8e7feafa0fbb6379b46d37cfd670b2b456c73669438e157d8e576d65b4a4af97","foodpanda"
"For Honor","http","www.ubisoft.com","GET","true","true","downdetector","AU|CA|DK|DE|ES|FR|HK|IT|NL|AT|PL|CH|SE|TR|GB|AE","v1:347e6f318cf1bce6ba233a991fb6a30bd49faaffb3b04ea8c2a36b9c69a32c01","for-honor"
"Fortnite","http","www.fortnite.com","GET","true","true","downdetector","AR|AU|BE|CA|CZ|CL|CO|DK|DE|EC|ES|FR|GT|HK|HR|IN|ID|IE|IT|KE|HU|MY|MX|NL|NZ|NG|NO|AT|PY|PE|PH|PL|PT|PR|RO|CH|SG|SI|SK|ZA|FI|SE|TR|GB|UY|GR|RS|UA|IL|AE|BH|MA|PK|TW|JP","v1:49d1f7144104148b1be44762f767dac8f6fe00fe515361760b850c4a089e92ae","fortnite"
"Forza","http","forza.net","GET","true","true","downdetector","AR|AU|BE|CA|CZ|CL|CO|DK|DE|EC|ES|FR|GT|HK|HR|IN|ID|IE|IT|KE|HU|MY|MX|NL|NZ|NG|NO|AT|PY|PE|PH|PL|PT|PR|RO|CH|SG|SI|SK|ZA|FI|SE|TR|GB|UY|GR|RS|UA|IL|AE|BH|MA|PK|TW|JP","v1:7b895df5de2f8bbc5d7e6b07e14fd50c9369d69d5b01fb8fdca4be5e8680cea7","forza"
"Foxtel","http","www.foxtel.com.au","GET","true","true","downdetector","AU","v1:8509edb237d7e56ee8c51e1720167d07dd2fdd1bea862318a1f431f40470b76e","foxtel"
"foxy.ai","http","foxy.ai","GET","true","true","downdetector","AU|BE|CA|DE|ES|FR|IE|IT|MX|NL|AT|PL|CH|SG|ZA|SE|GB|JP","v1:d2ee19e66a5bd5a53ce2457debe86fc02c5fbb4b999546726315d4b193050bcc","foxy-ai"
"Fozzy","http","fozzy.com","GET","true","true","downdetector","CZ|DK|DE|ES|FR|IE|IT|HU|NL|NO|PL|PT|RO|CH|SK|FI|SE|GB|GR","v1:e4698a9653c7d02a7d085ea62db9a6de02f2d1b8082ad5db360916d8250daf65","fozzy"
"Frame.io","http","frame.io","GET","true","true","downdetector","GB","v1:8ce06cfbb49d8c8c647cb81769c229ac929d107a9da30c5105867322649686be","frame-io"
"France.tv","http","france.tv","GET","true","true","downdetector","FR","v1:25aae72cc012d06a1e1e355a3d853525f4ea88707560b270e45152d923418045","france-tv"
"Free Fire","http","ff.garena.com","GET","true","true","downdetector","AR|CL|CO|EC|IN|ID|IE|MY|MX|PE|PT|ZA|PK","v1:4458aa9631cdddbe325dce0621f539f8ef9652a5fb638682552b4c90e131d8a9","free-fire"
"FreeConferenceCall.com","http","freeconferencecall.com","GET","true","true","downdetector","GB","v1:2ee32c2d0a3bad1d9daedf7923ef92b79807cf290c606ff99e5cd36e59e12b97","freeconferencecall-com"
"Freenet","http","www.freenet.ag","GET","true","true","downdetector","DE","v1:1f7a8cd8c0e554a87e1f7e5e225d5a14aea3c9cf7d821e14121213099962ae6b","freenet"
"Freshdesk","http","freshdesk.com","GET","true","true","downdetector","AU|DE|IN|IE|MX|NL|NZ|ZA|SE|GB","v1:e31f7a9ebddb6905f001d1e5d18948a9c5f88bf32eb189512935037bdeddf2db","freshdesk"
"Fritz","http","fritz.com","GET","true","true","downdetector","DE","v1:e3afd76c99fd33e58db9b33fde857e3b361a00b2d4bffc972a4f12198298199f","fritz"
"FundRazr","http","fundrazr.com","GET","true","true","downdetector","AU|BE|CA|DE|ES|FR|HK|IN|IE|IT|HU|MX|NL|NZ|NO|AT|PH|PL|PT|SG|SK|FI|SE|GB|GR|JP","v1:b28c20f5fc921c2359e392aaef35bcec8674355a19b22b9eb38946278cd2908b","fundrazr"
"Fur Affinity","http","www.furaffinity.net","GET","true","true","downdetector","AU|CA|DE|NZ|PL|GB","v1:42fed7405469eee681c6e1c280e6b28b020500b7a570ba6861e7e53a600256db","fur-affinity"
"G.Network","http","g.network","GET","true","true","downdetector","GB","v1:00f476c6ab2ccd1234f2d4fc4d9cdf6010e34ffc0dbfc6b43d637ac543d1165d","g-network"
"Gab.com","http","gab.com","GET","true","true","downdetector","GB","v1:21eb46b335b6a137d4f00f5bce2c2a9ea619004a55d48ad6aeebe7f5911367ad","gab-com"
"Gandi","http","gandi.net","GET","true","true","downdetector","FR","v1:7dcdf2db7924c03ad04aadf02985518625d573bcea50b707112f162b24c62b4a","gandi"
"Garmin","http","garmin.com","GET","true","true","downdetector","AR|AU|BE|CA|CZ|CL|CO|DK|DE|ES|IN|IE|IT|HU|MX|NL|NZ|NO|AT|PE|PH|PL|PT|RO|CH|SG|SK|FI|SE|TR|GB|GR|IL|AE|TW|JP","v1:930a9788136288c2caa9f199c2614b1862176bffdf526805cbca368743574501","garmin"
"Genius","http","genius.com","GET","true","true","downdetector","CA|GB","v1:39b36d0349b628b8541d4a760e1ff5d9e5ddc8b419f16cf71b62afeda7d1ad57","genius"
"Geocaching","http","www.geocaching.com","GET","true","true","downdetector","CA|CZ|DE|ES|GB","v1:2d4b361331567bcbbb3a6e3906cb4d6bf20d187c34f484fc2cbc6f0f0a3a1175","geocaching"
"Ghiseul.ro","http","ghiseul.ro","GET","true","true","downdetector","RO","v1:bfb3d8f7a4fd957e5468965d683fe462129c7858625f8868944a9c2f4d305c0f","ghiseul-ro"
"Ghost of Tsushima","http","www.playstation.com","GET","true","true","downdetector","AR|BE|CA|CZ|CL|CO|DK|DE|EC|ES|FR|HK|HR|IN|ID|IE|IT|HU|MY|MX|NL|NZ|NO|AT|PE|PH|PL|PT|RO|CH|SG|SK|ZA|FI|SE|TR|GB|GR|IL|AE|PK|TW|JP","v1:b53b4f7a87debdbdcbb76ae5ea043f177f9ff59178a1e57bd165ecca68582626","ghost-of-tsushima"
"Ghost Recon","http","www.ubisoft.com","GET","true","true","downdetector","AU|BE|CA|DK|DE|ES|FR|HK|IE|IT|HU|NL|NO|AT|PL|CH|SG|ZA|FI|SE|GB|JP","v1:1e1559a2773dbfb531ea33a4823610d60f0322f20fd64b204f2d0fbd40cffeeb","ghost-recon"
"GIGABYTE","http","www.gigabyte.com","GET","true","true","downdetector","AR|AU|BE|CA|CZ|CL|CO|DK|DE|EC|ES|FR|HK|HR|IN|ID|IE|IT|HU|MY|MX|NL|NZ|NO|AT|PE|PH|PL|PT|RO|CH|SK|ZA|FI|SE|TR|GB|GR|IL|AE|PK|TW|JP","v1:7fc2aebecca86243a7f9635016ceb227e9d58c387c89b63b59bc571636067ce7","gigabyte"
"Giphy","http","giphy.com","GET","true","true","downdetector","CA","v1:5e56201ffb7b501c62898a8474afc975bb3a3e3721af1a81eeb66a355e423374","giphy"
"Github","http","github.com","GET","true","true","downdetector","ES|GT|PR|JP","v1:020c8d56a96c51b2e26be29e2682c8b23911b3d9ba25771de74065858872d13f","github"
"GitHub","http","github.com","GET","true","true","downdetector","AR|AU|BE|CA|CZ|CL|CO|DK|DE|EC|FR|HK|HR|IN|ID|IE|IT|KE|HU|MY|MX|NL|NZ|NG|NO|AT|PY|PE|PH|PL|PT|RO|CH|SG|SI|SK|ZA|FI|SE|TR|GB|UY|GR|RS|UA|IL|AE|BH|MA|PK|TW","v1:ee7bb49ee6382ab3df28f93b655f164b94a749612f7c825fffce8cbf65735295","github"
"Glassdoor","http","www.glassdoor.com","GET","true","true","downdetector","GB","v1:98d79ee18b3697ffb5c85ecbbdef1cbe78b44ed89df72b6c7076da83d8cc4fd4","glassdoor"
"Glide","http","glideapps.com","GET","true","true","downdetector","GB","v1:eb485c25fa7c5585a7406b29f4606d09495b97e8b56cf67d545882c2b717cf5f","glide"
"GlobalSign","http","www.globalsign.com","GET","true","true","downdetector","AR|AU|BE|CA|CZ|CL|CO|DK|DE|EC|ES|FR|GT|HK|HR|IN|ID|IE|IT|KE|HU|MY|MX|NL|NZ|NG|NO|AT|PY|PE|PH|PL|PT|PR|RO|CH|SG|SI|SK|ZA|FI|SE|TR|GB|UY|GR|RS|UA|IL|AE|BH|MA|PK|TW|JP","v1:04dd64fc0d78e4ebdd5db61eab7dfff1eab41a30e5d837ddefb246e5f671f8d7","globalsign"
"Glovo","http","glovoapp.com","GET","true","true","downdetector","IT","v1:b77002ae1b0c65c4ef4cd4ebbd08b0c6b866271da19d9c157f1ffc66e83e3054","glovo"
"Go Daddy","http","godaddy.com","GET","true","true","downdetector","AR|AU|BE|CA|CZ|CL|CO|DK|DE|EC|ES|FR|GT|HK|HR|IN|ID|IE|IT|KE|HU|MY|MX|NL|NZ|NG|NO|AT|PY|PE|PH|PL|PT|PR|RO|CH|SG|SI|SK|ZA|FI|SE|TR|GB|UY|GR|RS|UA|IL|AE|BH|MA|PK|TW|JP","v1:18b1351074c003bd0d4c99b4e3f952f010ef3e270c31ff07669570fd5ddf2e78","go-daddy"
"Go.Compare","http","go.compare","GET","true","true","downdetector","GB","v1:4410b6a94db7667cad7fb82c5bb45ff5529bf2bde57dca8a3e3dda94484d38f2","go-compare"
"GoFundMe","http","www.gofundme.com","GET","true","true","downdetector","AU|BE|CA|DK|DE|ES|FR|IE|IT|NL|NO|AT|PT|CH|FI|SE|GB","v1:68ea863e26f3c4205897f3c4c5be71a9cc22b6ec51a45baa550de3b90803df51","gofundme"
"GOG.com","http","gog.com","GET","true","true","downdetector","AR|AU|BE|CA|CZ|CL|CO|DK|DE|EC|ES|FR|GT|HK|HR|IN|ID|IE|IT|KE|HU|MY|MX|NL|NZ|NG|NO|AT|PY|PE|PH|PL|PT|PR|RO|CH|SG|SI|SK|ZA|FI|SE|TR|GB|UY|GR|RS|UA|IL|AE|BH|MA|PK|TW|JP","v1:75face97903b99a198796120a6d56914201a26015fa17127822f490ac74a4c0a","gog-com"
"Gojek","http","gojek.com","GET","true","true","downdetector","ID|SG","v1:1da297e8a9b844d7b3fb1d90ae3bac3b3a512f9f58147efe9fb462950f5b69c0","gojek"
"Golem.de","http","golem.de","GET","true","true","downdetector","DE","v1:45cbde7ed3815c02520267ab227b349b76da95361aba3febfc36373f9b1da2d8","golem-de"
"Gong.io","http","gong.io","GET","true","true","downdetector","GB","v1:33613ce0204a3191d2c790b6639513b4e220dcbf43755797002bc656038c4574","gong-io"
"goodreads","http","www.goodreads.com","GET","true","true","downdetector","CA|PH|RO","v1:0681c6b524492ab2070ddb638f2135182a470df877e5afea7e7ad71569a19639","goodreads"
"Google","http","google.com","GET","true","true","downdetector","AR|AU|BE|CA|CZ|CL|CO|DK|DE|EC|ES|FR|GT|HK|HR|IN|ID|IE|IT|KE|HU|MY|MX|NL|NZ|NG|NO|AT|PY|PE|PH|PL|PT|PR|RO|CH|SG|SI|SK|ZA|FI|SE|TR|GB|UY|GR|RS|UA|IL|AE|BH|MA|PK|TW|JP","v1:16c6dc8c0f6eb501664efe2cc97ea6eb42f13be005a8f60b73d332e95231e026","google"
"Google Analytics","http","analytics.google.com","GET","true","true","downdetector","IT","v1:f181d73dc3be192a8868a3c2444e82ea10f317a8444b6df839f9af3caedcf572","google-analytics"
"Google AppSheet","http","appsheet.com","GET","true","true","downdetector","AR|AU|BE|CA|CZ|CL|CO|DK|DE|EC|ES|FR|HK|HR|IN|ID|IE|IT|HU|MY|MX|NL|NZ|NO|AT|PE|PH|PL|PT|RO|CH|SG|SK|ZA|FI|SE|TR|GB|GR|IL|AE|PK|TW|JP","v1:4f3007e66d63333a75d4f08d4e8e5eecb9e99cb5cc20d1458e6c99220d5a1552","google-appsheet"
"Google Chat","http","chat.google.com","GET","true","true","downdetector","AR|AU|BE|CA|CZ|CL|CO|DK|DE|EC|ES|FR|HK|HR|IN|ID|IE|IT|HU|MY|MX|NL|NZ|NO|AT|PE|PH|PL|PT|RO|CH|SG|SK|ZA|FI|SE|TR|GB|GR|IL|AE|PK|TW|JP","v1:2ee25ca72cbeae92010ed5af8daba6248e4345a01595c1b7b06575638da4760c","google-chat"
"Google Chrome","http","www.google.com","GET","true","true","downdetector","PH","v1:bf4786cd5a161fa05660438d06c2e6caa834b3731a3a9ca86e52e1bc99c9e260","google-chrome"
"Google Cloud","http","cloud.google.com","GET","true","true","downdetector","AR|AU|BE|CA|CZ|CL|CO|DK|DE|EC|ES|FR|GT|HK|HR|IN|ID|IE|IT|KE|HU|MY|MX|NL|NZ|NG|NO|AT|PY|PE|PH|PL|PT|PR|RO|CH|SG|SI|SK|ZA|FI|SE|TR|GB|UY|GR|RS|UA|IL|AE|BH|MA|PK|TW|JP","v1:0cb55ef9993ca7b2d7d4ac7a061f5005cae5871f07d848d0a425fe2c0fda2ead","google-cloud"
"Google Docs","http","www.google.com","GET","true","true","downdetector","AR|AU|BE|CA|CZ|CL|CO|DK|DE|EC|ES|FR|HK|HR|IN|ID|IE|IT|HU|MY|MX|NL|NZ|NO|AT|PE|PH|PL|PT|RO|CH|SG|SK|ZA|FI|SE|TR|GB|GR|IL|AE|PK|TW|JP","v1:1107ca8958624c8d30f9e6ec896ba7015db03231d9f2c0f0e15fe5431d38fdf8","google-docs"
"Google Drive","http","drive.google.com","GET","true","true","downdetector","AR|AU|BE|CA|CZ|CL|CO|DK|DE|EC|ES|FR|GT|HK|HR|IN|ID|IE|IT|KE|HU|MY|MX|NL|NZ|NG|NO|AT|PY|PE|PH|PL|PT|PR|RO|CH|SG|SI|SK|ZA|FI|SE|TR|GB|UY|GR|RS|UA|IL|AE|BH|MA|PK|TW|JP","v1:6546c7d7a3d2c966b88acbc82eb840cdd9a96a4bcc047559517f5efe0e18c131","google-drive"
"Google Earth","http","earth.google.com","GET","true","true","downdetector","IT","v1:f9fc20144df6788d778d564f090508e1ecbf51dcd8e683b09cd08b4465afffc8","google-earth"
"Google Gemini","http","gemini.google.com","GET","true","true","downdetector","AR|AU|BE|CA|CZ|CL|CO|DK|DE|EC|ES|FR|GT|HK|HR|IN|ID|IE|IT|KE|HU|MY|MX|NL|NZ|NG|NO|AT|PY|PE|PH|PL|PT|PR|RO|CH|SG|SI|SK|ZA|FI|SE|TR|GB|UY|GR|UA|IL|AE|BH|MA|PK|TW|JP","v1:d1d3821c3b33b0a73002a1204e90c1ae7ecb60ded5369015a296594d67673865","google-gemini"
"Google Home","http","home.google.com","GET","true","true","downdetector","DE","v1:4093c9e6b301b386dc71aafdae0c261c1c4a5fba278ab5a7f4a392b14414fbae","google-home"
"Google Keep","http","keep.google.com","GET","true","true","downdetector","AR|AU|BE|CA|CZ|CL|CO|DK|DE|EC|ES|FR|HK|HR|IN|ID|IE|IT|HU|MY|NL|NZ|NO|AT|PE|PH|PL|PT|RO|CH|SG|SK|ZA|FI|SE|TR|GB|GR|IL|AE|PK|TW|JP","v1:3817ca76bac9b8d13f33d5aeb155f6c72cdd2358317d357c0a3bdb19f2623541","google-keep"
"Google Meet","http","meet.google.com","GET","true","true","downdetector","AR|AU|BE|CA|CZ|CL|CO|DK|DE|EC|ES|FR|HK|HR|IN|ID|IE|IT|HU|MY|MX|NL|NZ|NO|AT|PE|PH|PL|PT|RO|CH|SG|SK|ZA|FI|SE|TR|GB|GR|IL|AE|PK|TW|JP","v1:1cfde96a35a9c791149e0d245ccddfa7c547605a0892648fc22ebe1610b73542","google-meet"
"Google Pay","http","pay.google.com","GET","true","true","downdetector","AR|AU|BE|CA|CZ|CL|CO|DK|DE|EC|ES|FR|HK|HR|IN|ID|IE|IT|HU|MY|MX|NL|NZ|NO|AT|PE|PH|PL|PT|RO|CH|SG|SK|ZA|FI|SE|TR|GB|GR|IL|AE|PK|TW|JP","v1:bb497a57ec524082ebd74b9116ceb4f41fb2d6cab8d27b58992515cebc2790f9","google-pay"
"Google Photos","http","photos.google.com","GET","true","true","downdetector","IT","v1:9dd14dee8c580b3e8bbe401897088e231eab83b4717084b8fc4c88b590319eee","google-photos"
"Google Play","http","play.google.com","GET","true","true","downdetector","AR|AU|BE|CA|CZ|CL|CO|DK|DE|EC|ES|FR|GT|HK|HR|IN|ID|IE|IT|KE|HU|MY|MX|NL|NZ|NG|NO|AT|PY|PE|PH|PL|PT|PR|RO|CH|SG|SI|SK|ZA|FI|SE|TR|GB|UY|GR|RS|UA|IL|AE|BH|MA|PK|TW|JP","v1:6dbd1860fd701531b5c5b4e1105d8b475f67a28d9e826278930621d12a8acbda","google-play"
"Google Public DNS","http","dns.google","GET","true","true","downdetector","AR|AU|BE|CA|CZ|CL|CO|DK|DE|EC|ES|FR|GT|HK|HR|IN|ID|IE|IT|KE|HU|MY|MX|NL|NZ|NG|NO|AT|PY|PE|PH|PL|PT|PR|RO|CH|SG|SI|SK|ZA|FI|SE|TR|GB|UY|GR|RS|UA|IL|AE|BH|MA|PK|TW|JP","v1:f576713096a57a5ff77e31f3f30dbdbbdb0240af80527f82d96818587ebb0b1a","google-public-dns"
"Google Sheets","http","sheets.google.com","GET","true","true","downdetector","AR|AU|BE|CA|CZ|CL|CO|DK|DE|EC|ES|FR|HK|HR|IN|ID|IE|IT|HU|MY|MX|NL|NZ|NO|AT|PE|PH|PL|PT|RO|CH|SG|SK|ZA|FI|SE|TR|GB|GR|IL|AE|PK|TW|JP","v1:64321b5d58006174de030995eb2fdcb296bcfbb2ef5ae3888ee6eaff73942822","google-sheets"
"Google Slides","http","slides.google.com","GET","true","true","downdetector","AR|AU|BE|CA|CZ|CL|CO|DK|DE|EC|ES|FR|HK|HR|IN|ID|IE|IT|HU|MY|MX|NL|NZ|NO|AT|PE|PH|PL|PT|RO|CH|SG|SK|ZA|FI|SE|TR|GB|GR|IL|AE|PK|TW|JP","v1:ce99a171d2da0a01f27890b4acd99f279b5e79a1cab69bd38c31627d9a8c181c","google-slides"
"Google Store","http","store.google.com","GET","true","true","downdetector","AR|AU|BE|CA|CZ|CL|CO|DK|DE|EC|ES|FR|GT|HK|HR|IN|ID|IE|IT|KE|HU|MY|MX|NL|NZ|NG|NO|AT|PY|PE|PH|PL|PT|PR|RO|CH|SG|SI|SK|ZA|FI|SE|TR|GB|UY|GR|RS|UA|IL|AE|BH|MA|PK|TW|JP","v1:8f1473d0d9b8b3f19b0c0bfe57fa02efb79c4875b25f1cc752445222b0aae921","google-store"
"Google TV","http","tv.google","GET","true","true","downdetector","AR|AU|BE|CA|CZ|CL|CO|DK|DE|EC|ES|FR|HK|HR|IN|ID|IE|IT|HU|MY|MX|NL|NZ|NO|AT|PE|PH|PL|PT|RO|CH|SG|SK|ZA|FI|SE|TR|GB|GR|IL|AE|PK|TW|JP","v1:93409d602e85fd0bc1d40a7c371dd64ad37d545cdaafb6cd31f2d3522171515a","google-tv"
"Google Voice","http","voice.google.com","GET","true","true","downdetector","AR|AU|BE|CA|CZ|CL|CO|DK|DE|EC|ES|FR|HK|HR|ID|IE|IT|HU|MY|MX|NL|NZ|NO|AT|PE|PH|PL|PT|RO|CH|SG|SK|ZA|FI|SE|TR|GB|GR|IL|AE|PK|TW|JP","v1:25da79ceca6b784d0b8773a256c85e2aee606c2554f802fc6d867afa7bacc019","google-voice"
"Google Wallet","http","wallet.google","GET","true","true","downdetector","AR|AU|BE|CA|CZ|CL|CO|DK|DE|EC|ES|FR|GT|HK|HR|IN|ID|IE|IT|KE|HU|MY|MX|NL|NZ|NG|NO|AT|PY|PE|PH|PL|PT|PR|RO|CH|SG|SI|SK|ZA|FI|SE|TR|GB|UY|GR|RS|UA|IL|AE|BH|MA|PK|TW|JP","v1:55f717f2dd3bd7d80eb9995c28c4c4679e255e826686e5d1f769e2c541731d91","google-wallet"
"Google Workspace","http","workspace.google.com","GET","true","true","downdetector","AR|AU|BE|CA|CZ|CL|CO|DK|DE|EC|ES|FR|GT|HK|HR|IN|ID|IE|IT|KE|HU|MY|MX|NL|NZ|NG|NO|AT|PY|PE|PH|PL|PT|PR|RO|CH|SG|SI|SK|ZA|FI|SE|TR|GB|UY|GR|RS|UA|IL|AE|BH|MA|PK|TW|JP","v1:57ca9c02966e9281fb4dd60f72018029dcac191240c4e6ea2d7bdedd4fb9f42a","google-workspace"
"google-keep","http","keep.google.com","GET","true","true","downdetector","MX","v1:9bc5b70f90e737cf3724b5000bbc7da8b0c66f962167707fc48b68b8deb49537","google-keep"
"GoToMeeting","http","www.gotomeeting.com","GET","true","true","downdetector","CA|GB","v1:b85a49b51672e0beac6f2c57b5719d0d99006b4fde05585ae49659c59932a024","gotomeeting"
"Gov.gr","http","www.gov.gr","GET","true","true","downdetector","GR","v1:1f3371a91268d9e18f71c754fe1e93aa7ad68ffa2cb8f734a6dff2ea5c922fc9","gov-gr"
"Gov.sg","http","gov.sg","GET","true","true","downdetector","SG","v1:319172cce23617e2ccc731668675566ee319f69fc4650441ed05f62efa79f92f","gov-sg"
"Gov.si","http","gov.si","GET","true","true","downdetector","SI","v1:1899a3400090c34871783f11bb1786a965b00f3ef22c89da05c0b987b550220c","gov-si"
"GOV.UK","http","gov.uk","GET","true","true","downdetector","GB","v1:000bfb6e04328cf56bb0085bbbcdf2375f73416a43ea828c7ac88025e89c50ef","gov-uk"
"Gov.za","http","www.gov.za","GET","true","true","downdetector","ZA","v1:b9848ccb193435bbf13db2b946378a87c632db384dfb70b2b25cf39dc4e9073f","gov-za"
"Grafana Labs","http","grafana.com","GET","true","true","downdetector","AR|AU|BE|CA|CZ|CL|CO|DK|DE|EC|ES|FR|GT|HK|HR|IN|ID|IE|IT|KE|HU|MY|MX|NL|NZ|NG|NO|AT|PY|PE|PH|PL|PT|PR|RO|CH|SG|SI|SK|ZA|FI|SE|TR|GB|UY|GR|RS|UA|IL|AE|BH|MA|PK|TW|JP","v1:947e2ce385954faf1c27e04caed1c897322ff459bee2874580574dc393c826d2","grafana-labs"
"Grammarly","http","www.grammarly.com","GET","true","true","downdetector","AU|CA|NZ|GB|PK","v1:fd400bc8822c9c6fba75e6838e238db567664ce4e1583a349e7998ad6da420a4","grammarly"
"Gran Turismo","http","www.gran-turismo.com","GET","true","true","downdetector","AU|BE|CA|DK|DE|ES|FR|IE|IT|MX|NL|NZ|PL|FI|SE|TR|GB","v1:bd4fcd6855e2720e9a47635a2782bd8b61f6cc46c75eac55b72edcb826f5f298","gran-turismo"
"Graylog","http","www.graylog.org","GET","true","true","downdetector","GB","v1:0aef375ff63406460cf0b0147e516769edc4ae5112c19169496a6fc74ee97a32","graylog"
"Grindr","http","www.grindr.com","GET","true","true","downdetector","AR|AU|BE|CA|CL|DK|DE|ES|FR|HK|HR|IN|IE|IT|MY|MX|NL|NZ|NO|AT|PH|PL|CH|SG|FI|SE|GB|GR|PK","v1:fddb84be80012a4bc968bacadf832894eb3fbfbc275df4b821ae01691444da8e","grindr"
"Grok","http","grok.com","GET","true","true","downdetector","AR|AU|BE|CA|CZ|CL|CO|DK|DE|EC|ES|FR|GT|HK|HR|IN|ID|IE|IT|KE|HU|MY|MX|NL|NZ|NG|NO|AT|PY|PE|PH|PL|PT|PR|RO|CH|SG|SI|SK|ZA|FI|SE|TR|GB|UY|GR|RS|UA|IL|AE|BH|MA|PK|TW|JP","v1:ca0fe186bff05988f35d1510cca9f391e0128d2201d012127e2b466f6a17f973","grok"
"Gub.uy","http","www.gub.uy","GET","true","true","downdetector","UY","v1:a27b32680470f59316e8ae9238a2a8a486fe09e5456ba8e0395f1c5cb60199cb","gub-uy"
"Guild Wars 2","http","www.guildwars2.com","GET","true","true","downdetector","AU|BE|CA|DK|DE|ES|FR|IT|NL|NO|AT|PL|CH|ZA|FI|SE|GB","v1:87f45e9511e55369b0431ad01a694dd3db05137853bca326edfe61121ec6a662","guild-wars-2"
"Gumtree","http","gumtree.com.au","GET","true","true","downdetector","AU","v1:126d966573e965ab4ea7535017141373308044be3ceaa6e4f72593c8ae433b50","gumtree"
"Gumtree","http","gumtree.co.za","GET","true","true","downdetector","ZA","v1:0d1a779f27abcf386d2dca5da37a8c1914a792127b4cbe66fc057f78a20905c7","gumtree"
"Gumtree","http","gumtree.com","GET","true","true","downdetector","GB","v1:b0c3693da26a2973f0a50fbc9f05a1c3936ad7363aaa0abc167c1cfbf10bb1da","gumtree"
"Hack The Box","http","www.hackthebox.com","GET","true","true","downdetector","AU|GB|GR","v1:7d8255a07554545d94a24104e877f693512be527fc95c73cb8905d7226cfef2e","hack-the-box"
"Halo","http","halowaypoint.com","GET","true","true","downdetector","AR|AU|BE|CA|CZ|CL|CO|DK|DE|EC|ES|FR|GT|HK|HR|IN|ID|IE|IT|KE|HU|MY|MX|NL|NZ|NG|NO|AT|PY|PE|PH|PL|PT|PR|RO|CH|SG|SI|SK|ZA|FI|SE|TR|GB|UY|GR|RS|UA|IL|AE|BH|MA|PK|TW|JP","v1:a1f9cd424a2972a7d0e16dd1cd3ba5a2c75aea534ac9c1e13f4c942611d83889","halo"
"Halo Infinite","http","halowaypoint.com","GET","true","true","downdetector","AR|AU|BE|CA|CZ|CL|CO|DK|DE|EC|ES|FR|GT|HK|HR|IN|ID|IE|IT|KE|HU|MY|MX|NL|NZ|NG|NO|AT|PY|PE|PH|PL|PT|PR|RO|CH|SG|SI|SK|ZA|FI|SE|TR|GB|UY|GR|RS|UA|IL|AE|BH|MA|PK|TW|JP","v1:dbe9154861eaad24dd62c22d9d1928ec19151a95e4d30e4c3ab9c42ed2fcc095","halo-infinite"
"HBO","http","www.hbo.com","GET","true","true","downdetector","AR|CL|CO|EC|ES|MX|PE","v1:a2bbd331f8b9d483dad712f422ba517d8451bea65e4a1afe51ee26cbe5095487","hbo"
"HDFC Bank","http","hdfc.bank.in","GET","true","true","downdetector","IN","v1:eca1246c922dd82616365ef3d1ee02bb321a05f8ec527a5a2fe71c4c2bf55a49","hdfc-bank"
"Hearthstone","http","hearthstone.blizzard.com","GET","true","true","downdetector","AR|AU|CA|CZ|CL|DE|ES|FR|ID|IT|MX|NL|PL|SE|GB|GR|IL","v1:b449f428483ba2c71cf073986477fdbe921e0a8217359efb66a726d758eb3c3e","hearthstone"
"HelloFresh","http","hellofresh.de","GET","true","true","downdetector","DE","v1:c33e05be34437b3b265c3d18e1fbcc77a545cd2999c35bc81eabf23b38eff71b","hellofresh"
"HelloFresh","http","hellofresh.co.uk","GET","true","true","downdetector","GB","v1:66624a98d1ea7346d1ef16f92b040b61fb0e809d6f0acb7842fdae616db0fa5c","hellofresh"
"Hermes","http","myhermes.de","GET","true","true","downdetector","DE","v1:09f50a45f464c58c7c1c5d9b6899938e3cd199d9e33d290198e53d073e36e97b","hermes"
"Hermes","http","evri.com","GET","true","true","downdetector","GB","v1:078749a6c8dabbd4bf800304433091a143b36691fd1cd47a0e3109d4e0af7fdd","hermes"
"Hetzner","http","www.hetzner.com","GET","true","true","downdetector","DE|PT","v1:2cedf7920f19c445a76d155deee52e297d50865a1164f90530d84ed0a0da4f3c","hetzner"
"Hey!","http","hey.com","GET","true","true","downdetector","BE","v1:1897eb6eaaaf1207ddf464294540f064adde3f104fbd28ddb9a93a447dad7653","hey"
"Hide.me VPN","http","hide.me","GET","true","true","downdetector","AR|AU|BE|CA|CZ|CL|CO|DK|DE|EC|ES|FR|HR|ID|IE|IT|HU|MY|MX|NL|NZ|NO|AT|PE|PH|PL|PT|RO|CH|SG|SK|FI|SE|GB|GR|IL|TW|JP","v1:34bee4c08574e8d5aa33f869da86d52623ac44344478aec2ef8fba7c2110234f","hide-me-vpn"
"Hilton","http","www.hilton.com","GET","true","true","downdetector","GB","v1:7e3fa9b62f678ff934220f2f9666e69f166770de51857460066fa273b97be0a2","hilton"
"Hive Social","http","hivesocial.app","GET","true","true","downdetector","AR|AU|BE|CA|CZ|CL|CO|DK|DE|EC|ES|FR|HK|HR|IN|ID|IE|IT|HU|MY|MX|NL|NZ|NO|AT|PE|PH|PL|PT|RO|CH|SG|SK|ZA|FI|SE|TR|GB|GR|IL|AE|PK|TW|JP","v1:1c6a271658f342d2339faf1207bc4c1bacc092810d55226043995bd0f6955a4a","hive-social"
"Home.pl","http","home.pl","GET","true","true","downdetector","PL","v1:b1ff83ddcc17f458e885c8ab4c31b6e74c69622ca2b7fc4030fc76d2149ed445","home-pl"
"Honey","http","www.joinhoney.com","GET","true","true","downdetector","NL|GB","v1:47a946e524fb073da73dbf18edea709ec3cb6037ee4e8b88935cdbf7d74d510c","honey"
"Hootsuite","http","hootsuite.com","GET","true","true","downdetector","AU|CA|FR|IE|GB","v1:91e879ef748a9753c51e9f1eca762a35f3cead64962310f69f36a7d70474a5ce","hootsuite"
"Hosted.nl","http","hosted.nl","GET","true","true","downdetector","NL","v1:8af7eebe492a881cc7a0f7cc31e698764e17a1355c2a44d999ec133c9a54adea","hosted-nl"
"HostGator","http","www.hostgator.com","GET","true","true","downdetector","AR|AU|BE|CA|CZ|CL|CO|DK|DE|EC|ES|FR|GT|HK|HR|IN|ID|IE|IT|KE|HU|MY|MX|NL|NZ|NG|NO|AT|PY|PE|PH|PL|PT|PR|RO|CH|SG|SI|SK|ZA|FI|SE|TR|GB|UY|GR|RS|UA|IL|AE|BH|MA|PK|TW|JP","v1:44ca0514bac9cc0f2f3e0617372071db46fef93c382b51761918b59ca09c5856","hostgator"
"Hostinger","http","www.hostinger.com","GET","true","true","downdetector","GB","v1:e676c3a39517d1d5dc8a82a530cf066872c52c72c18666558a001ca8f99033bb","hostinger"
"Hotels.com","http","hotels.com","GET","true","true","downdetector","AR|AU|BE|CA|CZ|CL|CO|DK|DE|EC|ES|FR|GT|HK|HR|IN|ID|IE|IT|KE|HU|MY|MX|NL|NZ|NG|NO|AT|PE|PH|PL|PT|PR|RO|CH|SG|SK|ZA|FI|SE|TR|GB|GR|RS|UA|IL|AE|BH|MA|PK|TW|JP","v1:155aba4d128271225a60955b430db0d280a84b64b1fc2678f1e836b4039cc61a","hotels-com"
"HPE GreenLake","http","common.cloud.hpe.com","GET","true","true","downdetector","AU|BE|CA|DE|ES|FR|IE|IT|MX|NL|AT|PL|CH|SG|ZA|SE|GB|JP","v1:77b71f4a7f8c55abecce36caf25aaa03acdd960b6ee635cb0b25dc9d756bf6a4","hpe-greenlake"
"HSBC","http","hsbc.com.au","GET","true","true","downdetector","AU","v1:29b9e9378b430268961e249c47074d73e7c7ec1841ca996329249fa690d57a57","hsbc"
"HSBC","http","hsbc.com.hk","GET","true","true","downdetector","HK","v1:7a26c8a565c3b95fa851d19f12c4ae798642a4fdb339e5568ea23cdc74ae0536","hsbc"
"HSBC","http","hsbc.co.in","GET","true","true","downdetector","IN","v1:d06eca58d078705c510a814136b2c030d6719de611d05733e3d4977f89053292","hsbc"
"HSBC","http","hsbc.co.id","GET","true","true","downdetector","ID","v1:4ec71323991c3f61c93a16976f82ebb2fa310714583c20a806ecee2d5a91a67a","hsbc"
"HSBC","http","hsbc.com.my","GET","true","true","downdetector","MY","v1:c5480b73b1ee9fe2f78af86571155abfd9bd924f8277b9b577e9101cb362a479","hsbc"
"HSBC","http","hsbc.com.mx","GET","true","true","downdetector","MX","v1:77252685de69b52f6486cdfec1577ac004f776550f14d17021245a06ed54c720","hsbc"
"HSBC","http","hsbc.com.ph","GET","true","true","downdetector","PH","v1:4db358e25ca279b22c4101ac0a9fd5c3dc12cb6e816fbbebaebca3b780c140e8","hsbc"
"HSBC","http","hsbc.com.sg","GET","true","true","downdetector","SG","v1:9c47e778db6d08ee411c01df06f2af37cf0eaedcaece5894b7001fc9b833d9cc","hsbc"
"HSBC","http","hsbc.com.tr","GET","true","true","downdetector","TR","v1:9ddcc3e4472d749616572d794c18baed77519ea84b71541e3609f2d99d75bb2c","hsbc"
"HSBC","http","hsbc.co.uk","GET","true","true","downdetector","GB","v1:823b66fe4d597de3d670865b66a50cf74585ead5168d0be75f634d9e0c35b37f","hsbc"
"HSBC","http","hsbc.ae","GET","true","true","downdetector","AE","v1:97d5e83d4a9ade1da920321b904c953d9f81438ce7185b897024a01735656440","hsbc"
"HSBC","http","www.hsbc.com.bh","GET","true","true","downdetector","BH","v1:e6b639c3012b09ad8241a30a1075dbd729612c0557fa2b0daea3f569b40f6c63","hsbc"
"HSBC","http","hsbc.com.tw","GET","true","true","downdetector","TW","v1:fdbe92581f42bbd6dc09f1ccad24fe6a85f7e088525e9d45b03353f995d8797a","hsbc"
"Huawei","http","e.huawei.com","GET","true","true","downdetector","AU","v1:7aa6e1095b7f34b0dcf3f97d65ec66c0f435a1a65752a09c68f9b9325d8fa3bf","huawei"
"Hubspot","http","www.hubspot.com","GET","true","true","downdetector","AU|CA|DK|DE|FR|IN|IE|IT|NL|PH|GB|JP","v1:36511a52d125dfe2cee3b4ffb971b8de3e85bc209b409bcda07c2ea9f0643be4","hubspot"
"Hugging Face","http","huggingface.co","GET","true","true","downdetector","FR","v1:57388c3668062663408844ca38d8a0f30cf4a83cb4f900cc8729a96ce90a494f","hugging-face"
"Hulu","http","hulu.com","GET","true","true","downdetector","AU|CA|DE|EC|ES|FR|HR|IN|IE|IT|MY|MX|PE|PH|PL|SG|ZA|SE|GB|JP","v1:cb5fed18c3241140f22dfacfcec7e99c5a5908f805cc346086de7727b5055d1a","hulu"
"Humble Bundle","http","humblebundle.com","GET","true","true","downdetector","AU|DE|GB","v1:7c8aa2eec212c9cff15f4d8cd1fecbd7c9017c0cd399b8654d22c6b692260b62","humble-bundle"
"Hungry Jack's","http","www.hungryjacks.com.au","GET","true","true","downdetector","AU","v1:5baa68136e9e54e3318990c228f6ed52cedbbf9a47a81e957f6136e4418501ae","hungry-jack-s"
"Hunt: showdown","http","www.huntshowdown.com","GET","true","true","downdetector","AU|BE|CA|CZ|DK|DE|ES|FR|IT|NL|NO|AT|PH|PL|CH|FI|SE|GB","v1:8f1b0fae87d5b44287a7e62f179cd5031192a1a1198f53611af233907752c0ce","hunt-showdown"
"Iberia","http","iberia.com","GET","true","true","downdetector","GB","v1:d85b167883ef26594afc0d76381b452ea2b177ec68fbe4bc1ccbb753e97d4465","iberia"
"IBM Cloud","http","cloud.ibm.com","GET","true","true","downdetector","AR|AU|BE|CA|CZ|CL|CO|DK|DE|EC|ES|FR|GT|HK|HR|IN|ID|IE|IT|KE|HU|MY|MX|NL|NZ|NG|NO|AT|PY|PE|PH|PL|PT|PR|RO|CH|SG|SI|SK|ZA|FI|SE|TR|GB|UY|GR|RS|UA|IL|AE|BH|MA|PK|TW|JP","v1:e84ae8697e86a1bbd197836f9249264fe6ba3f5201c08c32ab44f5f6928bff77","ibm-cloud"
"ICICI Bank","http","www.icicibank.com","GET","true","true","downdetector","IN","v1:2027973d3ee1f8ae53a389c6bb0cf0d7ab62bbe78b9e48acf1ea51478e5d733c","icici-bank"
"iFixit","http","www.ifixit.com","GET","true","true","downdetector","CA|DE|ES|FR|IE|IT|NL|PT|GB|JP","v1:bec0ace42b417529b422eba4ce39183abaafd4a4b1158d9dd38b7f4173819b1d","ifixit"
"IFTTT","http","ifttt.com","GET","true","true","downdetector","FR|IT|MX|NL|CH|SG|ZA|GB|JP","v1:75ece97fd524dca255bb7812fcbfcef43145bb39e6d5134d869c3eb5da4f6853","ifttt"
"IGN","http","www.ign.com","GET","true","true","downdetector","AU|GB","v1:6e964ad05a82ca7cecd851e4e2abfea652b5b0bcf7d914d99af91fca549278a2","ign"
"IKEA","http","www.ikea.com","GET","true","true","downdetector","AU|BE|CA|CZ|CL|CO|DK|DE|ES|FR|HK|HR|IN|ID|IE|IT|HU|MY|MX|NL|NZ|NO|AT|PE|PL|PT|RO|CH|SG|SK|FI|SE|TR|GB|GR|AE|JP","v1:b4bc7a9110f1a13154327280e6aab598a715275021967f84b47951ba92ff49ce","ikea"
"Imgur","http","imgurinc.com","GET","true","true","downdetector","AU|CA|IE|GB","v1:fa4a4322311546db9a9f24d962ca3fb4778fd5e58c3115b50e316326c55a5868","imgur"
"Imou","http","www.imoulife.com","GET","true","true","downdetector","CA|DE|ES|FR|IT|NL|PL|GB","v1:f6c5bdc2c6dcf6fd0a093f993e0a4cbc16762a96e84e07e43a9f438319380225","imou"
"IMVU","http","imvu.com","GET","true","true","downdetector","BE|CA|CO|DE|ES|FR|IT|NL|NZ|PL|RO|SG|GB|GR","v1:7ef47c4c7bdff31478f421774553e1fb2325d65afe59bbbe460c3c9f2039c78b","imvu"
"Indeed","http","ca.indeed.com","GET","true","true","downdetector","CA","v1:44c2552ac192e5ece063f0c7bb9f38c5c744c5a4958048591077dbf5bb05fe62","indeed"
"Indeed","http","nl.indeed.com","GET","true","true","downdetector","NL","v1:d73761d756b0625dfa6746e3dac1e20930a158b8e16432ed5f7dddce496f1ae5","indeed"
"Indeed","http","uk.indeed.com","GET","true","true","downdetector","GB","v1:38b5628669f7e8d57b231848ef0e0bc8f86b557b22b0f9692857be75e2b33555","indeed"
"Indiegogo","http","indiegogo.com","GET","true","true","downdetector","AU|BE|CA|DK|DE|ES|FR|HK|IE|IT|NL|NO|AT|PT|CH|SG|FI|SE|GB","v1:32dad6731b8c8f846f88491b9d05ca835c372aa7d5e555a43f78bb7d77be375d","indiegogo"
"Infomaniak","http","www.infomaniak.com","GET","true","true","downdetector","DE|FR|IT","v1:ae3a3dee469c086808d9db721e0ec13a8e0482f8158b93066f5e63d7732541cf","infomaniak"
"Ingress","http","ingress.com","GET","true","true","downdetector","CA|CL|DE|ES|PL|SE|GB|JP","v1:65a85628e17a408e115ef8e2690ffc6d53be2c35cd8a68d23e92d85f47a28a27","ingress"
"Instacart","http","www.instacart.com","GET","true","true","downdetector","CA","v1:559dc226c2631a3ea9ddbd8f8ad0b432513a76e7b63ef1d4778b4a0835795d24","instacart"
"Instantly.ai","http","instantly.ai","GET","true","true","downdetector","RO","v1:941a0cedb649d8d921b18c142d444657a3dcd2e682f2d9149fe1e3434208e74b","instantly-ai"
"Interactive Brokers","http","www.interactivebrokers.com","GET","true","true","downdetector","AU|BE|CA|DE|HK|HR|IN|IT|NL|PL|SG|GB|JP","v1:0f6e7ebf046ed9165cf7daf03e055e3dc72b672dfc5d5d704676e5dc0ba82afc","interactive-brokers"
"Internet Archive","http","archive.org","GET","true","true","downdetector","AU|BE|CA|DE|ES|FR|IE|IT|MX|NL|AT|PL|CH|SG|ZA|SE|GB|JP","v1:62a0fc51df1f796f07c2da1d2b24b3eb3e2e316ce66bcbd2fa05acaff0154fd0","internet-archive"
"IONOS","http","ionos.com","GET","true","true","downdetector","AR|AU|BE|CA|CZ|CL|CO|DK|DE|EC|ES|FR|GT|HK|HR|IN|ID|IE|IT|KE|HU|MY|MX|NL|NZ|NG|NO|AT|PY|PE|PH|PL|PT|PR|RO|CH|SG|SI|SK|ZA|FI|SE|TR|GB|UY|GR|RS|UA|IL|AE|BH|MA|PK|TW|JP","v1:4f8322fa87b5e4230ad9730c2f47dc5620723a053141a2200b87cbd8b8d5c78c","ionos"
"Issuu","http","issuu.com","GET","true","true","downdetector","AU|BE|CA|DE|ES|FR|IE|IT|MX|NL|AT|PL|CH|SG|ZA|SE|GB|JP","v1:931b0855db5b31cf8cf0d9540cdf07fe66a291a815c37a31f61929d368e3e3a6","issuu"
"IsYourWebsiteDownRightNow.com","http","isyourwebsitedownrightnow.com","GET","true","true","downdetector","RS","v1:5edff9b0d914c7761e72718c03c71e9d83741ce00350673233c9cce7c1a54cba","isyourwebsitedownrightnow-com"
"itch.io","http","itch.io","GET","true","true","downdetector","GB","v1:42cac911a617ffc5dac135dbf7ee7689b50892a043b7f69ebb537655f19b4116","itch-io"
"itslearning","http","www.itslearning.com","GET","true","true","downdetector","AR|AU|BE|CA|CZ|CL|CO|DK|DE|EC|ES|FR|HK|HR|IN|ID|IE|IT|HU|MY|MX|NL|NZ|NO|AT|PE|PH|PL|PT|RO|CH|SG|SK|ZA|FI|SE|TR|GB|GR|AE|PK|JP","v1:a51a9b78afb84956d586e53f75423139ad09da70b62dff319d74bb33e7f33ff9","itslearning"
"Jackbox","http","www.jackboxgames.com","GET","true","true","downdetector","AU|BE|CA|DE|IN|IE|NL|NZ|AT|FI|GB","v1:94dcf412bd4e69e3f6e53264acdea4453c8081771946009c253524b5a9d2ac28","jackbox"
"Jasper AI","http","www.jasper.ai","GET","true","true","downdetector","AU|BE|CA|DE|ES|FR|IE|IT|MX|NL|AT|PL|CH|SG|ZA|SE|GB|JP","v1:2afbb0ed2bff946d0765b13353c4a5d2036d081f2f26518944b2ae8986af3f47","jasper-ai"
"JCB","http","www.global.jcb","GET","true","true","downdetector","TW","v1:77295ba8006534e84245250fb52b0cf465206aafaed0c1bee8ccc4d69e4a7487","jcb"
"Jet2.com","http","jet2.com","GET","true","true","downdetector","BE|CZ|DE|ES|FR|IT|HU|NL|AT|PL|PT|CH|GB","v1:768c50a94fffbc80874cef6e725c33e37aca49539c8cb9f54c33db9c4f6b479a","jet2-com"
"JetBrains","http","www.jetbrains.com","GET","true","true","downdetector","GB","v1:4223df54ebbd3df9f97cafa9c8bbd7ce0df0b359a11205e100fc835969a221ee","jetbrains"
"Jobs.ie","http","jobs.ie","GET","true","true","downdetector","IE","v1:4f78bf419d19c9f52c685cd007654e5a351d5399b81fe008b3b32a785e068233","jobs-ie"
"Just Eat","http","just-eat.ie","GET","true","true","downdetector","IE","v1:65a698041a0282fb14aa33432f4e6a29fea922b0ee6ea73d26c8aa4568b214fc","just-eat"
"Just Eat","http","just-eat.ch","GET","true","true","downdetector","CH","v1:9a47ef25eee0ae61919245fa5037c4fe13b30e2dff4e72c4c72d4558cb8ba8f9","just-eat"
"Just Eat","http","just-eat.co.uk","GET","true","true","downdetector","GB","v1:da86373f88a39c1de7ff2dfe627d9c158af8ab6b15cf1f6717f0d41afb0ce347","just-eat"
"JustEat","http","justeat.it","GET","true","true","downdetector","IT","v1:db505c6ca5777bd9839743b6949890a0e4ee3339aecf7d2490374ef8810d3499","justeat"
"JustEat","http","thuisbezorgd.nl","GET","true","true","downdetector","NL","v1:fdf5a3e1a9e98216b73803c81efaafcb9bf7f91f38105812670415e82c73b871","justeat"
"JustRunMy.App","http","justrunmy.app","GET","true","true","downdetector","GB","v1:79ed63c29f3ff4ab43d3c7c9720916f356854aede71c6338f90b9b4c9cbf15d6","justrunmy-app"
"Kagi","http","kagi.com","GET","true","true","downdetector","AU","v1:b5a49b2ddd73199364171dd8832baf10ff7a360ce03b89d3e1b4673922553ffc","kagi"
"Kallax.io","http","kallax.io","GET","true","true","downdetector","CA","v1:5dfabe2ea44b530f9fc661dda3a6382dbda50a5e9d3cd7024e8c266eae2ad433","kallax-io"
"Kansalaisaloite.fi","http","kansalaisaloite.fi","GET","true","true","downdetector","FI","v1:8b9f95387f5340b886e51d54c011181dd5b7cb52b742bc53371e0db9cb706104","kansalaisaloite-fi"
"KashFlow","http","www.kashflow.com","GET","true","true","downdetector","GB","v1:721b32246d4348b6def1bfc9b208a10b38ef606ca140f6a733a9510ce584eb56","kashflow"
"Keeper","http","keepersecurity.com","GET","true","true","downdetector","CA|DE|ES|FR|IT|NL|PL|GB","v1:ce0daa9d4732cb3c93ed270a0f02e64f7ef3f7bb91ed514212cb570e3b5f8e37","keeper"
"KeyCDN","http","www.keycdn.com","GET","true","true","downdetector","AR|AU|BE|CA|CZ|CL|CO|DK|DE|EC|ES|FR|GT|HK|HR|IN|ID|IE|IT|KE|HU|MY|MX|NL|NZ|NG|NO|AT|PY|PE|PH|PL|PT|PR|RO|CH|SG|SI|SK|ZA|FI|SE|TR|GB|UY|GR|RS|UA|IL|AE|BH|MA|PK|TW|JP","v1:b86a5430ff46046ed499bb6e271af51efa05c9d50756a674c4666d6716df0656","keycdn"
"Khan Academy","http","khanacademy.org","GET","true","true","downdetector","IN|MX|GB","v1:a3870a5f8e02339da50e9bff77edb340f2febd2d849f84bd58fba7999e7a46cf","khan-academy"
"Kick","http","kick.com","GET","true","true","downdetector","AR|AU|BE|CA|CZ|CL|CO|DK|DE|EC|ES|FR|GT|HK|HR|IN|ID|IE|IT|KE|HU|MY|MX|NL|NG|NO|AT|PY|PE|PH|PL|PT|PR|RO|CH|SG|SI|SK|ZA|FI|SE|TR|GB|UY|GR|UA|IL|AE|BH|MA|PK|TW|JP","v1:075e9185378be36e9c141fdaecd34e074437d473f8cd2ff2a96ba18f07f4c1ab","kick"
"Kickstarter","http","www.kickstarter.com","GET","true","true","downdetector","AU|BE|CA|DK|DE|ES|FR|HK|IE|IT|MX|NL|NZ|NO|AT|CH|SG|SE|GB|JP","v1:7dbce80edb095cb8b92b61f499bd81298a9d630563d806597b9c197e3c359741","kickstarter"
"Kik","http","www.kik.com","GET","true","true","downdetector","AU|BE|CA|DK|DE|IN|IE|NL|NZ|AT|PT|CH|ZA|SE|TR|GB|PK","v1:f24e0a918cd120b4befe66127771bb112a93505c560c56780a4d7a10430e3422","kik"
"Klarna","http","klarna.com","GET","true","true","downdetector","AU|BE|CA|DK|DE|ES|FR|IT|NL|NO|AT|PL|CH|FI|SE|GB","v1:d6cbbd2a4ce0d1a3d69bed3a9f487814b1c6174ba909a22b8b94fb1922acff9d","klarna"
"Kleinanzeigen","http","www.kleinanzeigen.de","GET","true","true","downdetector","DE","v1:6626283bc863b37c115801149ab17abf86dc1701132d9ed566a8e857839bd2d0","kleinanzeigen"
"KLM","http","www.klm.com","GET","true","true","downdetector","AU|NL","v1:cbde7a3187d773115ed1e5a76220510160181e2ba670e89eacb6b8f3a3bf3286","klm"
"Koyeb","http","www.koyeb.com","GET","true","true","downdetector","GB","v1:3e5c35fd9244f9e145069f23593e4f6f4acdf7ddcd77e9d01e472e9f8809ff4a","koyeb"
"Kraken","http","www.kraken.com","GET","true","true","downdetector","AU|BE|CA|DK|DE|ES|FR|HK|IE|IT|NL|NO|AT|PL|PT|CH|ZA|FI|SE|TR|GB","v1:eae7006dc5b895307ed65358d9205759842235badcdc4b0fe1536943424c2405","kraken"
"last.fm","http","last.fm","GET","true","true","downdetector","AR|AU|CA|DE|ES|FR|ID|IT|NL|PL|PT|GB","v1:21c90534e1e9bd2551aa628b68c8669b762fb3bff26465445aed69252852e690","last-fm"
"LastPass","http","lastpass.com","GET","true","true","downdetector","AU|CA|DE|NL|SE|GB","v1:79641d3832689f99e4de1ea3d85af728f8dbabe32f8ed3e443438747567541c1","lastpass"
"League of Legends","http","www.leagueoflegends.com","GET","true","true","downdetector","AR|AU|BE|CA|CZ|CL|CO|DK|DE|EC|ES|FR|GT|HK|HR|IN|ID|IE|IT|KE|HU|MY|MX|NL|NZ|NG|NO|AT|PY|PE|PH|PL|PT|PR|RO|CH|SG|SI|SK|ZA|FI|SE|TR|GB|UY|GR|RS|UA|IL|AE|BH|MA|PK|TW|JP","v1:d1a636c0665998bc3468c730c06fb4142ae50097febf49590059fc9f5fe760a0","league-of-legends"
"League of Legends: Wild Rift","http","wildrift.leagueoflegends.com","GET","true","true","downdetector","AR|AU|BE|CA|CZ|CL|CO|DK|DE|EC|ES|FR|GT|HK|HR|IN|ID|IE|IT|KE|HU|MY|MX|NL|NZ|NG|NO|AT|PY|PE|PH|PL|PT|PR|RO|CH|SG|SI|SK|ZA|FI|SE|TR|GB|UY|GR|RS|UA|IL|AE|BH|MA|PK|TW|JP","v1:01504395f9cbfcfe03d58921453e0c818a5ae395345f5b0a3563440be48b4cb7","league-of-legends-wild-rift"
"Let's Encrypt","http","letsencrypt.org","GET","true","true","downdetector","AR|AU|BE|CA|CZ|CL|CO|DK|DE|EC|ES|FR|GT|HK|HR|IN|ID|IE|IT|KE|HU|MY|MX|NL|NZ|NG|NO|AT|PY|PE|PH|PL|PT|PR|RO|CH|SG|SI|SK|ZA|FI|SE|TR|GB|UY|GR|RS|UA|IL|AE|BH|MA|PK|TW|JP","v1:8639c3d2f1ac4dcd53e431613585a6bd9ca11270ce0214c56c01c65af2b118c9","let-s-encrypt"
"Letterboxd","http","letterboxd.com","GET","true","true","downdetector","AU|CA|IE|NZ|RO|ZA|GB","v1:961343ae853d83ccca3dccfcc5d2634ba07e817954c8d79c2ca500712a94fa4d","letterboxd"
"Lexa.nl","http","lexa.nl","GET","true","true","downdetector","NL","v1:f37f969a94db838458c35ddba51848c7fc3a1e983462a7882bd92f41884e9190","lexa-nl"
"Lidl","http","lidl.be","GET","true","true","downdetector","BE","v1:dece4f5462272fffc4948a056e4a289f725c9eed5e020cdc26a28c4bb74e0f92","lidl"
"Lidl","http","lidl.cz","GET","true","true","downdetector","CZ","v1:1706b5b99fc2b6027ec7a90d8fab99e624a6448d65c6ba1b8ccef372b7ab1af2","lidl"
"Lidl","http","lidl.dk","GET","true","true","downdetector","DK","v1:20613d71124073d9afa1456278aa61e521461bd82b316d999f263bb8610da5db","lidl"
"Lidl","http","lidl.de","GET","true","true","downdetector","DE","v1:90124ec66588d33222f959331c2291ff1e98f8092a2124975ebab360c32079ea","lidl"
"Lidl","http","lidl.es","GET","true","true","downdetector","ES","v1:b1ee91ae85afb4c568d95671ed0313a1c78d76e24deace07f7bd1c1d7b2806e6","lidl"
"Lidl","http","lidl.fr","GET","true","true","downdetector","FR","v1:0e3cc7da8e32d19217a7403e032e1756057c3b786bb92d3fab3523ada44aa66b","lidl"
"Lidl","http","lidl.hr","GET","true","true","downdetector","HR","v1:6757134cfd9c6040742bf93dc7a7354ee27736e2bdcf6fbc89f0be04d5132338","lidl"
"Lidl","http","lidl.ie","GET","true","true","downdetector","IE","v1:a207dc5daf117c68f6f00c08e0ed5a314a0fdd414c785841b26f09561717a394","lidl"
"Lidl","http","lidl.it","GET","true","true","downdetector","IT","v1:9e07928ab392b33eb340c904ceccde486d8565c384bbf825d5666718c4e0a651","lidl"
"Lidl","http","lidl.hu","GET","true","true","downdetector","HU","v1:adaee6fb6698d8559ed2beb62998006099c994b92c0b81ddee448143dacd8509","lidl"
"Lidl","http","lidl.nl","GET","true","true","downdetector","NL","v1:e880bcaa099e0bcd6150c038809043ec258863ebb7217d9fd7b2881bd87100d8","lidl"
"Lidl","http","lidl.at","GET","true","true","downdetector","AT","v1:358c0569276ce0cbb9aceea35a241e5abeb897253908055c3661b81585761b07","lidl"
"Lidl","http","lidl.pl","GET","true","true","downdetector","PL","v1:77297b3a8722a0f4552aaa259383bb9bb1f23d159ad26f9a3132d59694468acb","lidl"
"Lidl","http","lidl.pt","GET","true","true","downdetector","PT","v1:9aa92379a9e84a8adc4efff4a5d382fe688faca5a309f379fa69630124dff5a1","lidl"
"Lidl","http","lidl.ro","GET","true","true","downdetector","RO","v1:e8cd0a282cdf9e4378efddb1ba7bcc9dc19c321401aa6b8be15dcead9a6b8087","lidl"
"Lidl","http","lidl.ch","GET","true","true","downdetector","CH","v1:42ef5d4a9251276cd162e37b32ce4d1497205a8f9a7c5acf02fb49f4c5bbcd4f","lidl"
"Lidl","http","lidl.sk","GET","true","true","downdetector","SK","v1:047eb41cdc9064b66d2ee8662d4b4aad7951f1c0c11a93d8d6901316967b09c2","lidl"
"Lidl","http","lidl.fi","GET","true","true","downdetector","FI","v1:5b8919d3cca007c435a8d025ee33812e5bda5379abd236d01f933a23d6fb6357","lidl"
"Lidl","http","lidl.se","GET","true","true","downdetector","SE","v1:c31f0ef16ad9400e7dd306b102186f13c40146d932e5ce60c4277131782f51b3","lidl"
"Lidl","http","lidl.co.uk","GET","true","true","downdetector","GB","v1:c27cd5490046ca678355e457cfcaca1561d251ab313e89d7f6fa6b7ecd837a3e","lidl"
"Lidl","http","lidl-hellas.gr","GET","true","true","downdetector","GR","v1:00414a34481078b1d9335dc603c48549e29d9d11cfbd82e530323294412dee8e","lidl"
"Line","http","line.me","GET","true","true","downdetector","CA|DE|ES|IN|MY|MX|PH|SG|TW|JP","v1:66106b04b29bb295ea95338e7aa0d9c19f05efad25bd2d12e0523e4e8a8210fb","line"
"Liquid Web","http","www.liquidweb.com","GET","true","true","downdetector","AR|AU|BE|CA|CZ|CL|CO|DK|DE|EC|ES|FR|GT|HK|HR|IN|ID|IE|IT|KE|HU|MY|MX|NL|NZ|NG|NO|AT|PY|PE|PH|PL|PT|PR|RO|CH|SG|SI|SK|ZA|FI|SE|TR|GB|UY|GR|RS|UA|IL|AE|BH|MA|PK|TW|JP","v1:354afb5df0b7bc8d9921a48a9ef2d6df859bc4e24c924515ec1b5174f0589eee","liquid-web"
"Locals.com","http","locals.com","GET","true","true","downdetector","CA","v1:18fdec8a71a85c7fdd06c034e39518534c117227f21160f6a8fb53f0206f6f55","locals-com"
"login.gov.pl","http","login.gov.pl","GET","true","true","downdetector","PL","v1:2870ddc657b0d8845ea0f4148ff7ceb8b91a634e0bbc33ad24a78345018cd656","login-gov-pl"
"Loom","http","www.loom.com","GET","true","true","downdetector","AU|BE|CA|DE|ES|FR|IE|IT|MX|NL|AT|PL|CH|SG|ZA|SE|GB|JP","v1:4d3d1e57954b348906427df7a239a08b01054aff98e2ae84f6f0e7de59f8796a","loom"
"lottery.ie","http","lottery.ie","GET","true","true","downdetector","IE","v1:8e937e887a16b9178eac717540d7cf3eba2a4ad17fdfc8b8ac313849b5bb65fd","lottery-ie"
"Lufthansa","http","www.lufthansa.com","GET","true","true","downdetector","DE","v1:69121b35b6f00399083bb4ccb852b490cb9b5032f380ee3a4be83470147d7506","lufthansa"
"Lumen","http","lumen.com","GET","true","true","downdetector","AU|CA|DE|MX|GB","v1:60f01b59cd9c249acd164d56001b8c300d92cae5d1a46246d6301b15497f534f","lumen"
"Lydia","http","lydia-app.com","GET","true","true","downdetector","FR","v1:fce3e690b093429c651f877241d0175f3518ccf580723b41137906a14e09a94f","lydia"
"Magic","http","magic.link","GET","true","true","downdetector","FR","v1:d9bf5ae47d623d5a262cae94c7eb423300b6a554fda077f6476ec811e0f15e0c","magic"
"Magic: The Gathering Arena","http","magic.wizards.com","GET","true","true","downdetector","AR|AU|BE|CA|CZ|CL|CO|DK|DE|ES|FR|HR|IE|IT|HU|MX|NZ|NO|AT|PE|CH|SK|FI|SE|GB|GR|JP","v1:e1659624ad5ef0f3a630463ab38181fb48b05295869094ae010da7045084205e","magic-the-gathering-arena"
"Mail.com","http","mail.com","GET","true","true","downdetector","AU|CA|GB","v1:2770c163d0b4a79eb2505e6fac2929829617b5c07b758df1d007f51307a856da","mail-com"
"Mail.de","http","mail.de","GET","true","true","downdetector","DE|CH","v1:a7cb0cf01d88c99e037ea1ee162ccbe1383e46ae1728e6ce5ccd1def7e545b33","mail-de"
"Mailbox","http","mailbox.org","GET","true","true","downdetector","AU|CA|DE|GB","v1:0c5b709a9ef90e05ef57f411edca7c08a86f9cb7942522f0f7e1a0c03d729fa1","mailbox"
"Mailchimp","http","mailchimp.com","GET","true","true","downdetector","AU|GB","v1:c90943eac612532a418d91c8f5b270222d21850553097a49aa491cc46e971bc1","mailchimp"
"Make","http","www.make.com","GET","true","true","downdetector","CA|CZ","v1:a6a429f9e8d6c04d62f92c89b9897568bdcb5cce2e27c6911e29733ce3544c7e","make"
"Mario Kart Tour","http","faq.mariokarttour.com","GET","true","true","downdetector","AR|AU|BE|CA|CZ|CL|CO|DK|DE|EC|ES|FR|GT|HK|HR|IN|ID|IE|IT|KE|HU|MY|MX|NL|NZ|NG|NO|AT|PY|PE|PH|PL|PT|PR|RO|CH|SG|SI|SK|ZA|FI|SE|TR|GB|UY|GR|RS|UA|IL|AE|BH|MA|PK|TW|JP","v1:e6210a8564f80916caeadf265a6a0d0a8316218dfaeb8d5cd4c7722a471db03e","mario-kart-tour"
"Markt.de","http","markt.de","GET","true","true","downdetector","DE","v1:4cc8b58f3ce66594b5e5f9d9ab572c952004dd33181f9fdc681d07299d7ee4d1","markt-de"
"Marvel Rivals","http","marvelrivals.com","GET","true","true","downdetector","AR|CA|CL|DE|FR|IN|ID|IT|MX|NL|PH|PL|SE|GB","v1:63cadc7a88d20d0d6029b5225feb48f79c9ac052d0749c63f0a27e1aeb4c543d","marvel-rivals"
"Mastercard","http","www.mastercard.com","GET","true","true","downdetector","AR|AU|BE|CA|CZ|CL|CO|DK|DE|EC|ES|FR|GT|HK|HR|IN|ID|IE|IT|KE|HU|MY|MX|NL|NZ|NG|NO|AT|PY|PE|PH|PL|PT|PR|RO|CH|SG|SI|SK|ZA|FI|SE|TR|GB|UY|GR|RS|UA|IL|AE|BH|MA|PK|TW|JP","v1:fddb41b47aef18f29d0fe9878b288aa89dc54ead2c3eb7c2e17c7679d81e82d5","mastercard"
"Match.com","http","match.com","GET","true","true","downdetector","GB","v1:870f099b6d873b236eef34e3a9639e2c25afb868a49f41229e23cb35df108937","match-com"
"Matrix","http","matrix.org","GET","true","true","downdetector","FR","v1:21c1a391d9e5ff7343bb8edc11020ca1c9e41e12821c36a275edfea160e7f4ed","matrix"
"Mazda","http","www.mazda.com","GET","true","true","downdetector","CA","v1:e2e1e86365a3926410670a11c148e488e5672a98c490e5a46a2078d3fa84660f","mazda"
"McAfee","http","www.mcafee.com","GET","true","true","downdetector","GB","v1:fa7373108f9e72ec01a52325bf0c7428fe361b273bf8a3cd3fcb833e0f973a21","mcafee"
"MediaMarkt","http","mediamarkt.nl","GET","true","true","downdetector","NL","v1:fa1bb34cec36289b0661f4a429e06394eddd4b15daf69e2f88e3f8cb02b453fb","mediamarkt"
"Medicin.dk","http","medicin.dk","GET","true","true","downdetector","DK","v1:eaa2408d5842b6a12eec8d83ead57c1ab03b5fee685998b5499b87db1a99ade5","medicin-dk"
"Meetup","http","www.meetup.com","GET","true","true","downdetector","NL|GB","v1:1a7067518e6953eb92a73dbcdef8f45bddf2a92052de62c569fb53efc06e3178","meetup"
"Mega","http","mega.io","GET","true","true","downdetector","IL","v1:6d64459b6f85fbfee11b18b9d30941f96d6b2b3290d7947724a7d922afba7fca","mega"
"MEGA","http","mega.io","GET","true","true","downdetector","AR|AU|BE|CA|CZ|CL|CO|DK|EC|ES|FR|HK|HR|IN|ID|IE|IT|HU|MY|MX|NL|NZ|NO|PE|PH|PL|PT|RO|CH|SG|SK|ZA|FI|SE|TR|GB|GR|AE|PK|JP","v1:ef47eb1754b636cc73fca57da8f0fc887eabdcd837e3ff0b35bffa1aed732827","mega"
"Mercado Pago","http","mercadopago.com.ar","GET","true","true","downdetector","AR","v1:a3d78898f07103008a6b1a7f788fe57e450cef964641122d73a67d73160a09b5","mercado-pago"
"Mercado Pago","http","mercadopago.cl","GET","true","true","downdetector","CL","v1:5c36212c2c25c2d231459560f6b57d52b26115cc4a784e59bbd71b89c299da7e","mercado-pago"
"Mercado Pago","http","mercadopago.com.co","GET","true","true","downdetector","CO","v1:c2cd8af4fba356cec75e8b33c9c5fb4766e8fd96e06a5c689b82cbb7ddc7b319","mercado-pago"
"Mercado Pago","http","mercadopago.com.mx","GET","true","true","downdetector","MX","v1:4b09029451af1a6b225d60ac98d3c761ef6100bf071c43702de032ac2d239fdd","mercado-pago"
"Mercado Pago","http","mercadopago.com.pe","GET","true","true","downdetector","PE","v1:8f8cfe3ea741dc464c481e35e08fab4de270707067db37636a696f034a74ce06","mercado-pago"
"MeWe","http","mewe.com","GET","true","true","downdetector","CA|DE|GB","v1:91f8c6315e1d649bbd834cb8dd84a9b60933931385156ac280f0fb9971f911ec","mewe"
"Microsoft 365","http","m365.cloud.microsoft","GET","true","true","downdetector","AR|AU|BE|CA|CZ|CL|CO|DK|DE|EC|ES|FR|GT|HK|HR|IN|ID|IE|IT|KE|HU|MY|MX|NL|NZ|NG|NO|AT|PY|PE|PH|PL|PT|PR|RO|CH|SG|SI|SK|ZA|FI|SE|TR|GB|UY|GR|RS|UA|IL|AE|BH|MA|PK|TW|JP","v1:da55a151eb17293ba1545d2ceb93d8905b6de9596df40ebfdb38f43a2812cd59","microsoft-365"
"Microsoft Azure","http","azure.microsoft.com","GET","true","true","downdetector","AR|AU|BE|CA|CZ|CL|CO|DK|DE|EC|ES|FR|GT|HK|HR|IN|ID|IE|IT|KE|HU|MY|MX|NL|NZ|NG|NO|AT|PY|PE|PH|PL|PT|PR|RO|CH|SG|SI|SK|ZA|FI|SE|TR|GB|UY|GR|RS|UA|IL|AE|BH|MA|PK|TW|JP","v1:645d9f4f284f24ec0cf5728f40c9520f363192996cd88af7d330f88bbef4aca2","microsoft-azure"
"Microsoft Copilot","http","copilot.microsoft.com","GET","true","true","downdetector","AR|AU|BE|CA|CZ|CL|CO|DK|DE|EC|ES|FR|GT|HK|HR|IN|ID|IE|IT|KE|HU|MY|MX|NL|NZ|NG|NO|AT|PY|PE|PH|PL|PT|PR|RO|CH|SG|SI|SK|ZA|FI|SE|TR|GB|UY|GR|RS|UA|IL|AE|BH|MA|PK|TW|JP","v1:9b33abdddcc3bc6d442b447a55241dcb54e119e2ea4362c9aa8c92231f1b0c8d","microsoft-copilot"
"Microsoft Entra","http","entra.microsoft.com","GET","true","true","downdetector","AR|AU|BE|CA|CZ|CL|CO|DK|DE|EC|ES|FR|GT|HK|HR|IN|ID|IE|IT|HU|MY|MX|NL|NZ|NG|NO|AT|PE|PH|PL|PT|PR|RO|CH|SG|SK|ZA|FI|SE|TR|GB|GR|RS|UA|IL|AE|BH|MA|PK|TW|JP","v1:1523a524140e6a63dc2b85ef2bcd2be377b5a1d7c6814a6aee2f4e369fe0446b","microsoft-entra"
"Microsoft Store","http","apps.microsoft.com","GET","true","true","downdetector","BE|CA|CZ|DK|DE|ES|FR|HK|HR|IN|ID|IE|IT|MX|NL|AT|PH|PL|SK|SE|TR|GB|PK|JP","v1:01175f1aad9b0227e7b27779f55d26a7e6cf840444f2ae2aa5fbe8b0ed651d8d","microsoft-store"
"Microsoft Teams","http","teams.microsoft.com","GET","true","true","downdetector","AR|AU|BE|CA|CZ|CL|CO|DK|DE|EC|ES|FR|HK|HR|IN|ID|IE|IT|HU|MX|NL|NZ|NO|AT|PE|PH|PL|PT|RO|CH|SG|SK|ZA|FI|SE|TR|GB|GR|IL|AE|PK|TW|JP","v1:98d6859f3d1b7e07f4462a91caee92ceae013a8fe00a7873391f423cacf3fe57","microsoft-teams"
"Milanote","http","milanote.com","GET","true","true","downdetector","AR|AU|BE|CA|CZ|CL|CO|DK|DE|EC|ES|FR|HK|HR|IN|ID|IE|IT|HU|MY|MX|NL|NZ|NO|AT|PE|PH|PL|PT|RO|CH|SG|SK|ZA|FI|SE|TR|GB|GR|IL|AE|PK|JP","v1:cf8e349de2a06bd5c8ff1d3b5612a31f94e4965f302f8ad087216e19e4ba0d4e","milanote"
"Mimecast","http","www.mimecast.com","GET","true","true","downdetector","AU|BE|CA|DE|ES|FR|IE|IT|MX|NL|AT|PL|CH|SG|ZA|SE|GB|JP","v1:c1f6f8f6125403bb3e473bb16773a4a9bbb4f81b987bd397c5c83ccf87192dd0","mimecast"
"Minecraft","http","www.minecraft.net","GET","true","true","downdetector","AR|AU|BE|CA|CZ|CL|CO|DK|DE|EC|ES|FR|GT|HK|HR|IN|ID|IE|IT|KE|HU|MY|MX|NL|NZ|NG|NO|AT|PY|PE|PH|PL|PT|PR|RO|CH|SG|SI|SK|ZA|FI|SE|TR|GB|UY|GR|RS|UA|IL|AE|BH|MA|PK|TW|JP","v1:8bf4db303cc3f0971a480c0c3b72f2422cac4bb8d842349a222dd60d967e82b5","minecraft"
"Mini-ITX.com","http","mini-itx.com","GET","true","true","downdetector","GB","v1:288ba1138a3fd3f6f4ff6a47898691930aee5551ea2d45f487fb7ae1ea82f402","mini-itx-com"
"Miraheze","http","miraheze.org","GET","true","true","downdetector","PH","v1:4fd5bf36beb5d72096fc3685531526ec87f2eb5db19e5a3abb59d6c82b22623f","miraheze"
"Miro","http","miro.com","GET","true","true","downdetector","GB","v1:aff5172b2e991c59723ac4dc8da6e87d95656628c89cd66600f84773a168f1cf","miro"
"Mistral AI","http","chat.mistral.ai","GET","true","true","downdetector","FR","v1:c2db168cf9b2b1a2d984bf5669e41e176960edae87d13713eb441caf24085cd5","mistral-ai"
"Mobile.de","http","mobile.de","GET","true","true","downdetector","DE","v1:568eb0daf734f87ab07d6d26f2d255a1029f8d1b3e6c974c19ca347d5f07af74","mobile-de"
"Mobiles.co.uk","http","mobiles.co.uk","GET","true","true","downdetector","GB","v1:e75c79f543f3639a456e03b6d0fe0c7e6b1707c7259efa9c962c482e69cae502","mobiles-co-uk"
"moi.fi","http","moi.fi","GET","true","true","downdetector","FI","v1:4e24a698a9651a05f70dcf131542a7d6dda9596acfd33df05dc5003256665f4a","moi-fi"
"Molotov.TV","http","molotov.tv","GET","true","true","downdetector","FR","v1:0575c087e78f9a7471e35541193a95c20a1b5e7d24039aca122a9963218646ce","molotov-tv"
"Monday.com","http","monday.com","GET","true","true","downdetector","GB","v1:ba3975006349335b683092eb746e546c2b0647292c82766b76abf72936635759","monday-com"
"MoneyCorp","http","www.moneycorp.com","GET","true","true","downdetector","AR|AU|BE|CA|CZ|CL|CO|DK|DE|EC|ES|FR|GT|HK|HR|IN|ID|IE|IT|KE|HU|MY|MX|NL|NZ|NG|NO|AT|PY|PE|PH|PL|PT|PR|RO|CH|SG|SI|SK|ZA|FI|SE|TR|GB|UY|GR|RS|UA|IL|AE|BH|MA|PK|TW|JP","v1:2793ae034d1ee8d18cc7495bd53412c7ac971c27fda9735b85deeb3c853be82f","moneycorp"
"MoneyGram","http","moneygram.com","GET","true","true","downdetector","AR|AU|BE|CA|CZ|CL|CO|DK|DE|EC|ES|FR|GT|HK|HR|IN|ID|IE|IT|KE|HU|MY|MX|NL|NZ|NG|NO|AT|PY|PE|PH|PL|PT|PR|RO|CH|SG|SI|SK|ZA|FI|SE|TR|GB|UY|GR|RS|UA|IL|AE|BH|MA|PK|TW|JP","v1:5b26301fc258505e162281988b5da5d4fca90fe29caa7f2a789a168e9e1cd7af","moneygram"
"Monopoly Go!","http","www.monopolygo.com","GET","true","true","downdetector","AR|AU|BE|CA|CZ|CL|CO|DK|DE|EC|ES|FR|HK|HR|IN|ID|IE|IT|HU|MY|MX|NL|NZ|NO|AT|PE|PH|PL|PT|RO|CH|SG|SK|ZA|FI|SE|TR|GB|GR|IL|AE|PK|TW|JP","v1:88e2fa15996f3a6b5a76b03f93a7ba2ffe8293e38defc8ce8382f67360d8b2c3","monopoly-go"
"Monzo","http","monzo.com","GET","true","true","downdetector","GB","v1:20342c14fa0067041ccda508c1138b5a0c6e0e99054067a1f168fb9a82ba99cf","monzo"
"Mordhau","http","mordhau.com","GET","true","true","downdetector","AU|BE|CA|CZ|DE|ES|FR|IT|NL|NO|PH|PL|GB","v1:fc7b04505cccf6cbb89df2c5d20711296bdfc122ff8f288561acee3d1bba3eac","mordhau"
"Morrisons","http","groceries.morrisons.com","GET","true","true","downdetector","GB","v1:2da1bb5ad39733223c14e52162c3b049855faa08296fe3a5a710762aac1905c0","morrisons"
"Move.nl","http","move.nl","GET","true","true","downdetector","NL","v1:2587c8f655c6389f86972557d25ecbe1c9aa8d06af34daba17fe50a558c6c637","move-nl"
"Movistar","http","movistar.com.ar","GET","true","true","downdetector","AR","v1:b83d75c53a801aca836d22f18dca0213adf395e0415329c7496ecd464e22898c","movistar"
"Movistar","http","movistar.cl","GET","true","true","downdetector","CL","v1:8fade156c3c6d8ea0116187bdae7ec3d154879afcd545af880d7bd0064fbe551","movistar"
"Movistar","http","movistar.com.co","GET","true","true","downdetector","CO","v1:3036d238611542b4cff70db06913e88928b2d129e747f1896d7adcf8777070ce","movistar"
"Movistar","http","movistar.com.ec","GET","true","true","downdetector","EC","v1:56d46d202add8514df5495fa84cbedb9be333c89d6ea5bf86354262c32df4ff8","movistar"
"Movistar","http","movistar.es","GET","true","true","downdetector","ES","v1:6f66fcb09f085c06b22ac5636c8c2698aff3194801f7058edcb1aea5b468f1ea","movistar"
"Movistar","http","www.movistar.com.pe","GET","true","true","downdetector","PE","v1:4ec3140e23bd84bdea7c2ed8b8d25ada26384f96ea92f2508b405abf524050c2","movistar"
"Mubi","http","mubi.com","GET","true","true","downdetector","AR|AU|BE|CA|CZ|CL|CO|DK|DE|EC|ES|FR|HK|HR|IN|ID|IE|IT|HU|MY|MX|NL|NZ|NO|AT|PE|PH|PL|PT|RO|CH|SG|SK|ZA|FI|SE|TR|GB|GR|IL|AE|PK|TW|JP","v1:729d13588e5d14670e4ec1d6356da62f439f72ecb626e76534e6bf7ea817f12b","mubi"
"Musical.ly","http","musical.ly","GET","true","true","downdetector","GB","v1:91f8f5c311c224040b1f46f9958939f0d8e03fb2a138b6d169983856b04d8ce2","musical-ly"
"My Porsche","http","my.porsche.com","GET","true","true","downdetector","AR|AU|BE|CA|CZ|CL|CO|DK|DE|EC|ES|FR|GT|HK|HR|IN|ID|IE|IT|KE|HU|MY|MX|NL|NZ|NG|NO|AT|PE|PH|PL|PT|PR|RO|CH|SG|SK|ZA|FI|SE|TR|GB|GR|RS|UA|IL|AE|BH|MA|PK|TW|JP","v1:3dd9c2536ffa35a096fc12bb1a47538f316329afa4466eb7bf614bca439faf0f","my-porsche"
"My Renault","http","renault-connect.renault.com","GET","true","true","downdetector","AR|AU|BE|CA|CZ|CL|CO|DK|DE|EC|ES|FR|GT|HK|HR|IN|ID|IE|IT|KE|HU|MY|MX|NL|NZ|NG|NO|AT|PE|PH|PL|PT|PR|RO|CH|SG|SK|ZA|FI|SE|TR|GB|GR|RS|UA|IL|AE|BH|MA|PK|TW|JP","v1:115084db6864713ac682925d7f47a57f6ef18a131a5d0a3e23f359ed7cb046d7","my-renault"
"My Toyota","http","www.toyota.com","GET","true","true","downdetector","AR|AU|BE|CA|CZ|CL|CO|DK|DE|EC|ES|FR|GT|HK|HR|IN|ID|IE|IT|KE|HU|MY|MX|NL|NZ|NG|NO|AT|PE|PH|PL|PT|PR|RO|CH|SG|SK|ZA|FI|SE|TR|GB|GR|RS|UA|IL|AE|BH|MA|PK|TW|JP","v1:7f443e3094938280c07db8bb54042712822fea8f633996808110708452d20c8d","my-toyota"
"myob","http","www.myob.com","GET","true","true","downdetector","AU|NZ","v1:f231ff7f53f1fb1376abf8da9c5d18c7fff676d5e79dd458a2c616cd5589dbb1","myob"
"n-tv.de","http","n-tv.de","GET","true","true","downdetector","DE","v1:9f19caf27ea5ecbc71143d6fff42096ffd802648333c8ca8687479c3c0bb93b6","n-tv-de"
"N26","http","n26.com","GET","true","true","downdetector","DE|ES|FR|IT|AT|PL|CH|GB","v1:5c0fc233268a0d9fc3b18ee1d965a9cecb1e672dc187f929e8ea734c08e6f78b","n26"
"NameMC","http","namemc.com","GET","true","true","downdetector","AU|DE|NL|PL|GB","v1:643765f5f9fc7805f0029534f98b650d0d8acb809228f07d073092b7c98cd7e4","namemc"
"names.co.uk","http","names.co.uk","GET","true","true","downdetector","GB","v1:c0b4d7a673bd8d55b0404e3387dfa0cb0d28b21b1001730e04871819b746fe6e","names-co-uk"
"Napster","http","www.napster.com","GET","true","true","downdetector","DE","v1:749fb9203cbd313033befb24c8c356d6b1b70b0b49f42e25769f06a5074ff1e5","napster"
"National Grid","http","www.nationalgrid.com","GET","true","true","downdetector","GB","v1:9251bef9d8ec8c524c9dc7a6ac7ee08d8dffc4710b03513ea156c4daa1feaeec","national-grid"
"National Rail","http","nationalrail.co.uk","GET","true","true","downdetector","GB","v1:08b19018e1ce79b3a4ed1d1975d61dd67627a15956ecc0945f3e22683b69656e","national-rail"
"NBA 2k","http","nba2k.com","GET","true","true","downdetector","AU|CA|DE|ES|FR|IN|IE|IT|MY|MX|NL|NZ|NO|PL|PT|SG|SE|TR|GB","v1:3063acf0dce866e325d90e96c2c16530bc7f248193de4fe0d6e0c91410989a4d","nba-2k"
"Neon","http","neontv.co.nz","GET","true","true","downdetector","NZ","v1:6dce234384e497e793c407b32b646bdb6e4062656770d9d0e9332bc719859340","neon"
"Neptune","http","neptune.ai","GET","true","true","downdetector","AU","v1:ea46393ff083a8cea1034ee4fa0bb908be7caf8c647eb2f64f664372d0ff202c","neptune"
"netcup","http","www.netcup.de","GET","true","true","downdetector","DE","v1:69a319eb4cf4a8fc2577676f890f5872fae744574b3843d9632df894170832db","netcup"
"Netflix","http","netflix.com","GET","true","true","downdetector","AR|AU|BE|CA|CZ|CL|CO|DK|DE|EC|ES|FR|GT|HK|HR|IN|ID|IE|IT|KE|HU|MY|MX|NL|NZ|NG|NO|AT|PY|PE|PH|PL|PT|PR|RO|CH|SG|SI|SK|ZA|FI|SE|TR|GB|UY|GR|RS|UA|IL|AE|BH|MA|PK|TW|JP","v1:193ba81c864f17119c83bff1698b6fab01384d7974dda4319f7599aa4be5f37f","netflix"
"Netlify","http","www.netlify.com","GET","true","true","downdetector","AR|AU|BE|CA|CZ|CL|CO|DK|DE|EC|ES|FR|GT|HK|HR|IN|ID|IE|IT|KE|HU|MY|MX|NL|NZ|NG|NO|AT|PY|PE|PH|PL|PT|PR|RO|CH|SG|SI|SK|ZA|FI|SE|TR|GB|UY|GR|RS|UA|IL|AE|BH|MA|PK|TW|JP","v1:d1dfb5f7d1d76c361a96ba8ef4d030ec1d28a1ac87865be7c3799f241954075b","netlify"
"New Relic","http","newrelic.com","GET","true","true","downdetector","JP","v1:7ff15f9e2fbcc5ccd312d88d4786985bbc3c7c09a4ead2d1acde17599f111e4e","new-relic"
"News.com.au","http","news.com.au","GET","true","true","downdetector","AU","v1:b1dfaedccd06a3f52c4b9f56faf25523ab7df34b6e37756b9d00fa0dfdf4e920","news-com-au"
"NFL Network","http","support.nfl.com","GET","true","true","downdetector","AU|CA|DK|DE|ES|FR|IT|AT|PL|CH|GB","v1:f493cf9ac42134b78ff90892a22372c8578f53da3acd05abfe498f17ed91e3e7","nfl-network"
"ngrok","http","ngrok.com","GET","true","true","downdetector","GB","v1:35b0359a00474dec0450f20d0aea8966258ce802e55b04139fbae92f0924a257","ngrok"
"Nissan Connect","http","nissan-global.com","GET","true","true","downdetector","AR|AU|BE|CA|CZ|CL|CO|DK|DE|EC|ES|FR|GT|HK|HR|IN|ID|IE|IT|KE|HU|MY|MX|NL|NZ|NG|NO|AT|PE|PH|PL|PT|PR|RO|CH|SG|SK|ZA|FI|SE|TR|GB|GR|RS|UA|IL|AE|BH|MA|PK|TW|JP","v1:aefed1cacdfc2b02b0cfdfd00712ea8bff672899868b5fa610f682358d57e63c","nissan-connect"
"No Man's Sky","http","www.nomanssky.com","GET","true","true","downdetector","AR|AU|BE|CA|CZ|CL|CO|DK|DE|EC|ES|FR|GT|HK|HR|IN|ID|IE|IT|KE|HU|MY|MX|NL|NZ|NG|NO|AT|PY|PE|PH|PL|PT|PR|RO|CH|SG|SI|SK|ZA|FI|SE|TR|GB|UY|GR|RS|UA|IL|AE|BH|MA|PK|TW|JP","v1:2007991dbdb21c2ea0d57dfd813b97239086fc9195baee8e3bb8a1f479d50503","no-man-s-sky"
"NordVPN","http","nordvpn.com","GET","true","true","downdetector","AR|AU|BE|CA|CZ|CL|CO|DK|DE|EC|ES|FR|HK|HR|ID|IE|IT|HU|MY|MX|NL|NZ|NO|AT|PE|PH|PL|PT|RO|CH|SG|SK|FI|SE|GB|GR|TW|JP","v1:a107c26d50ac0e1226d606c353aa793e1bf06cd7f14c9e3c5fd34a6669586b5d","nordvpn"
"Norwegian","http","www.norwegian.com","GET","true","true","downdetector","NO|GB","v1:94877a0e289d0a53bdced4d38f7bcb7ced576b007d863cc4ba36cac8960345fd","norwegian"
"NOS.nl","http","nos.nl","GET","true","true","downdetector","NL","v1:9aec7af4db6d0a9a341c91f7d1f827b2b8ee28ceaf7ee84e2e95e0bd7c130495","nos-nl"
"Notion","http","www.notion.so","GET","true","true","downdetector","CA|FR|HU|ZA|SE|GB","v1:fdef795519fde66e64dfa444e7efe276662138f53119765a59ed83c80cb5ad20","notion"
"Now","http","www.nowtv.com","GET","true","true","downdetector","IE|GB","v1:8d602d64783f5c277d0b88548d6c0445fee8a3b0f9177b52b2b6daadbe89b01e","now"
"NPM","http","www.npmjs.com","GET","true","true","downdetector","NO","v1:8a2352b7293f5a9b3b10ae2f36c0f5be391662bac62a20cfd89daefebc4ca1ef","npm"
"Nu Bank","http","nu.com.co","GET","true","true","downdetector","CO","v1:debaf29b53202c2a7de3013d51a5ae327aa35293fb947ea84507e15c38905cb8","nu-bank"
"Nu Bank","http","nu.com.mx","GET","true","true","downdetector","MX","v1:0b8d9c9f67bee20854c211a4272dbab4bf71df9635061e5863ac7b9ff7a288e6","nu-bank"
"Nu.nl","http","nu.nl","GET","true","true","downdetector","NL","v1:bede89e790374ff9cf048ed70f80beb28de15d2bc27a5220e7b89bd79aa6ea1a","nu-nl"
"Nvidia","http","www.nvidia.com","GET","true","true","downdetector","DE|GB","v1:bdcd3660d1427eeff33ceaf58ec80a77821c0e3584f0994e167481ba23721c90","nvidia"
"Odido","http","www.odido.nl","GET","true","true","downdetector","NL","v1:cd1f0de0ab692e0f3af47bd0b27d95601df9a15170d9681463325c5774c078fb","odido"
"Odoo","http","www.odoo.com","GET","true","true","downdetector","FR|NL","v1:aeb8c383b2c0ae6a82477b8f36c32fd51bc2afcdbcb5f696d750ba3c2ed73cd4","odoo"
"OFX","http","www.ofx.com","GET","true","true","downdetector","AR|AU|BE|CA|CZ|CL|CO|DK|DE|EC|FR|HK|HR|IN|ID|IE|IT|KE|HU|MY|MX|NL|NZ|NG|NO|AT|PY|PE|PH|PL|PT|RO|CH|SG|SI|SK|ZA|FI|SE|TR|GB|UY|GR|RS|UA|IL|AE|BH|MA|PK|TW|JP","v1:2fc1218e3b33c9f9b9232fc0aa1e9e5fb4e7ad04c7c6bdd584722305749c6881","ofx"
"Ohme","http","ohme-ev.com","GET","true","true","downdetector","AR|AU|BE|DE|ES|FR|IE|IT|NL|PT|GB","v1:46b4fb3cb64b99623e8a269b6083eb48aa977e924a86dd195cd28cb8bb594e4b","ohme"
"OkCupid","http","okcupid.com","GET","true","true","downdetector","AU|CA|DE|IE|SG|GB","v1:bbfba9f536d2389ed0212c799847707f3b9efaab522e4db43877a77c6a567f16","okcupid"
"Okta","http","www.okta.com","GET","true","true","downdetector","AR|AU|BE|CA|CZ|CL|CO|DK|DE|EC|ES|FR|GT|HK|HR|IN|ID|IE|IT|KE|HU|MY|MX|NL|NZ|NG|NO|AT|PY|PE|PH|PL|PT|PR|RO|CH|SG|SI|SK|ZA|FI|SE|TR|GB|UY|GR|RS|UA|IL|AE|BH|MA|PK|TW|JP","v1:bc8c903ce2566556a5b3dfb2b7f502a7ceeabbab93fa9fe132e0619ce4f21e86","okta"
"One.com","http","one.com","GET","true","true","downdetector","SE","v1:8a21cb1aaf1906995bb88fdc188f1ce13348ae9b8c46797a6a89d8dc72fd3010","one-com"
"Onelogin","http","www.onelogin.com","GET","true","true","downdetector","AR|AU|BE|CA|CZ|CL|CO|DK|DE|EC|ES|FR|HK|HR|IN|ID|IE|IT|HU|MY|MX|NL|NZ|NO|AT|PE|PH|PL|PT|RO|CH|SG|SK|ZA|FI|SE|TR|GB|GR|IL|AE|PK|JP","v1:3c9e2d1599263d251903c26f586b90c8fb1bd13c95c46bd8b77a24eb4a60eea3","onelogin"
"Online.nl","http","online.nl","GET","true","true","downdetector","NL","v1:bc13720be64008064af4e1d777a843a8271321459c0c41e5ea72753d640e25d2","online-nl"
"OnlineWerkplekken.nl","http","onlinewerkplekken.nl","GET","true","true","downdetector","NL","v1:a3a5d2b416252c70dbeb47b47e2ae4b383af960e9196c4390f4dfa91ac19481d","onlinewerkplekken-nl"
"OnStar","http","www.onstar.com","GET","true","true","downdetector","BE|CA|DE|ES|FR|IE|IT|MX|NL|NO|AT|PL|PT|CH|GB","v1:f6d426bfc06f0ea7a0ac0ec37d41e52bb25e0d327b22f02080dca728c2505f16","onstar"
"OpenClaw","http","openclaw.ai","GET","true","true","downdetector","AR|AU|BE|CA|CZ|CL|CO|DK|DE|EC|ES|FR|GT|HK|HR|IN|ID|IE|IT|KE|HU|MY|MX|NL|NZ|NG|NO|AT|PE|PH|PL|PT|PR|RO|CH|SG|SK|ZA|FI|SE|TR|GB|GR|RS|UA|IL|AE|BH|MA|PK|TW|JP","v1:bda62e68ce2d61085dc5e29b76c8583ac904cd21cb3826003332295064d60674","openclaw"
"OpenRouter","http","openrouter.ai","GET","true","true","downdetector","AR|AU|BE|CA|CZ|CL|CO|DK|DE|EC|ES|FR|GT|HK|HR|IN|ID|IE|IT|KE|HU|MY|MX|NL|NG|NO|AT|PY|PE|PH|PL|PT|PR|RO|CH|SG|SI|SK|ZA|FI|SE|TR|GB|UY|GR|UA|IL|AE|BH|MA|PK|TW|JP","v1:2fbcde19fd28c29f88c858757c50b873fb2ea431c0799a2df8b6b61de90b6ebb","openrouter"
"OpenStreetMap","http","www.openstreetmap.org","GET","true","true","downdetector","AR|AU|BE|CA|CZ|CL|CO|DK|DE|EC|ES|FR|HK|HR|IN|ID|IE|IT|HU|MY|MX|NL|NZ|NO|AT|PE|PH|PL|PT|RO|CH|SG|SK|ZA|FI|SE|TR|GB|GR|IL|AE|PK|TW|JP","v1:fb5a42ab467cad069ba73dbd709cfbd84ac550afbac5a77a7bfdb97988f08283","openstreetmap"
"OpenText","http","www.opentext.com","GET","true","true","downdetector","GB","v1:facd6fe546d362d14999a79534f9f33e40a8cbe115214cea4d4e5d2a9356056a","opentext"
"Oracle Cloud","http","cloud.oracle.com","GET","true","true","downdetector","AR|AU|BE|CA|CZ|CL|CO|DK|DE|EC|ES|FR|GT|HK|HR|IN|ID|IE|IT|KE|HU|MY|MX|NL|NZ|NG|NO|AT|PY|PE|PH|PL|PT|PR|RO|CH|SG|SI|SK|ZA|FI|SE|TR|GB|UY|GR|RS|UA|IL|AE|BH|MA|PK|TW|JP","v1:968da4b7c6a21cc8bb48d2fc4acadf521e8ec7abd9eeea54763227fd40bed11e","oracle-cloud"
"Orange","http","orange.be","GET","true","true","downdetector","BE","v1:7b5b33f159528fe44b791560c30ebd1cfad1593847306b352902b6f1cc4abc09","orange"
"Orange","http","orange.es","GET","true","true","downdetector","ES","v1:3d7771c380007956d9ea8b6319988df8d1c54b1df78aa8f2d4827e1e7fb92ca8","orange"
"Orange","http","orange.fr","GET","true","true","downdetector","FR","v1:7a83b5a54289cf04eb8ee7d8f898069d58a4286af4a956618b14a26430f232bf","orange"
"Orange","http","orange.pl","GET","true","true","downdetector","PL","v1:3d79dc4d438a70b31af50be56489f5afe5ad207b53001db16be1c925a23cadf7","orange"
"Orange","http","orange.ro","GET","true","true","downdetector","RO","v1:168ea167d9167aec8337b3e58d4dd2791c09bad4ad94932d68ac70a4781dd974","orange"
"Orange","http","orange.sk","GET","true","true","downdetector","SK","v1:deef1c542f3f11853a89fe3851bf6a0ddcef1dc4cc62c7370786c64c5859f862","orange"
"Orange","http","orange.ma","GET","true","true","downdetector","MA","v1:1f8710d8b4a37ea8fa6d644da55390b49117d74b4233f756763df92cc006a62d","orange"
"Otter.ai","http","otter.ai","GET","true","true","downdetector","AU|BE|CA|DE|ES|FR|IE|IT|MX|NL|AT|PL|CH|SG|ZA|SE|GB|JP","v1:9fc2f6a68fcc7ccde4158cd52d27eabff40723f9b743088658e7ff4957d04ca2","otter-ai"
"Otto","http","otto.de","GET","true","true","downdetector","DE","v1:feaf56ff45f5144404309ea5ba3e6f60e616c5e98096867b0fa0d215dc81fe95","otto"
"Overcooked 2","http","team17.com","GET","true","true","downdetector","AR|AU|BE|CA|CZ|CL|CO|DK|DE|EC|ES|FR|GT|HK|HR|IN|ID|IE|IT|KE|HU|MY|MX|NL|NZ|NG|NO|AT|PY|PE|PH|PL|PT|PR|RO|CH|SG|SI|SK|ZA|FI|SE|TR|GB|UY|GR|RS|UA|IL|AE|BH|MA|PK|TW|JP","v1:f3d59128204f798b0e10a57d77f0d611c7bf1bc843f61abb68aee86c85151e20","overcooked-2"
"Overheid.nl","http","overheid.nl","GET","true","true","downdetector","NL","v1:ebc7decd22ddc3a4bdf6b725226226d520fa96a405e49393bc5b999bed430471","overheid-nl"
"Overleaf","http","www.overleaf.com","GET","true","true","downdetector","IT","v1:a1d84333c5db59ef2d223add4091fd7598af1277fafba60c6278938bf53ea43f","overleaf"
"Overwatch","http","overwatch.blizzard.com","GET","true","true","downdetector","AR|AU|BE|CA|CZ|DK|DE|ES|FR|HK|IE|IT|MY|MX|NL|NZ|NO|AT|PH|PL|PT|CH|SG|ZA|FI|SE|TR|GB|AE","v1:7b66ca5ded79ecbdbf744adb19decfb3c7cb3b410ee0f951415a7a4b0ca96847","overwatch"
"OVH","http","www.ovh.com","GET","true","true","downdetector","BE","v1:ee0aef2243b05a9163e65e1706b07f5784a528ed1129d68d5882af703fac4c9b","ovh"
"Paddy Power","http","www.paddypower.com","GET","true","true","downdetector","IE|IT|GB","v1:4c189f41bd47c6c1a6215e7299985dd4add784de1447d1c03da6d0e3b8619f00","paddy-power"
"Padlet","http","padlet.com","GET","true","true","downdetector","AU|CA|SG|GB","v1:42564a27532bac904f95f91c4a5b493e5bcbdc0a7435e756c43cde027d17f793","padlet"
"PagerDuty","http","www.pagerduty.com","GET","true","true","downdetector","AU|BE|CA|DE|ES|FR|IE|IT|MX|NL|AT|PL|CH|SG|ZA|SE|GB|JP","v1:b6098d673f5056b784a511bab8a14865cf11e739da434e6cf6aae79314f8a1c4","pagerduty"
"Pandora","http","au.pandora.net","GET","true","true","downdetector","AU","v1:63340c795cab96fde3d8efc215af92d0ca798e5f0b82d8cc87af3fd26506c12d","pandora"
"Pandora","http","nz.pandora.net","GET","true","true","downdetector","NZ","v1:a21f4e3e2f0c7df55cdcb8299653df8efc2e6e212504cb079d4ed7dbdbc747e0","pandora"
"Paramount+","http","www.paramount.com","GET","true","true","downdetector","AR|AU|CA|CL|CO|DK|DE|EC|FR|IE|IT|MX|NO|AT|PE|CH|FI|SE|GB","v1:e9c83c1996fd6e18798b46d9edfff60688e04d6e72c41c34e4f740fcb9557368","paramount"
"Pasion.com","http","citapasion.com","GET","true","true","downdetector","ES","v1:9b24c3178e953c37734902bac1d8ce425ec6711b3ddc5aaedd324e4bc258ce0e","pasion-com"
"Passbolt","http","www.passbolt.com","GET","true","true","downdetector","GB","v1:c51f405d93a308724d4cddfcfdcbd302d534c501e94819c9ed6318c783ac3cbf","passbolt"
"Patreon","http","www.patreon.com","GET","true","true","downdetector","AR|AU|BE|CA|CZ|CL|CO|DK|DE|EC|ES|FR|HR|IE|IT|HU|MX|NL|NZ|AT|PE|PL|PT|RO|CH|SK|FI|SE|TR|GB|GR|IL","v1:44e6cb3461a1098e0192baa593bf699640462deb7cce3fde3216f2459d91c1e6","patreon"
"Pay.com.au","http","pay.com.au","GET","true","true","downdetector","AU","v1:d5cfd97a547584af986dd57c1eea26b0dbd06501b97d5bc7944d9b66e6941e1c","pay-com-au"
"Payback","http","www.payback.de","GET","true","true","downdetector","DE","v1:12c41a3451694a24735dd71a3dc34d5473080fa6850acf8d50c750bbcaec3432","payback"
"PAYDAY 2","http","www.paydaythegame.com","GET","true","true","downdetector","AR|AU|BE|CA|CZ|CL|CO|DK|DE|EC|ES|FR|HK|HR|IN|ID|IE|IT|HU|MY|MX|NL|NZ|NO|AT|PE|PH|PL|PT|RO|CH|SG|SK|ZA|FI|SE|TR|GB|GR|AE|PK|JP","v1:1d2de62895c258d675aea16b7ae8ab56db32b123b5c191306bb192605c959e54","payday-2"
"PayEm","http","payem.co","GET","true","true","downdetector","AR|AU|BE|CA|CZ|CL|CO|DK|DE|EC|ES|FR|GT|HK|HR|IN|ID|IE|IT|KE|HU|MY|MX|NL|NZ|NG|NO|AT|PE|PH|PL|PT|PR|RO|CH|SG|SK|ZA|FI|SE|TR|GB|GR|RS|UA|IL|AE|BH|MA|PK|TW|JP","v1:6cd126ee78d803223083c1de19af5775e17be9380891cfc3959e119d67c33bcc","payem"
"Payoneer","http","www.payoneer.com","GET","true","true","downdetector","AR|AU|BE|CA|CZ|CL|CO|DK|DE|EC|ES|FR|GT|HK|HR|IN|ID|IE|IT|KE|HU|MY|MX|NL|NZ|NG|NO|AT|PY|PE|PH|PL|PT|PR|RO|CH|SG|SI|SK|ZA|FI|SE|TR|GB|UY|GR|RS|UA|IL|AE|BH|MA|PK|TW|JP","v1:0ffb17d2cbbedfbea528ec7863de4a1d6a45450b03efae7d1f1e3aa5fb165091","payoneer"
"Paypal","http","www.paypal.com","GET","true","true","downdetector","AR|AU|BE|CA|CZ|CL|CO|DK|DE|EC|ES|FR|GT|HK|HR|IN|ID|IE|IT|KE|HU|MY|MX|NL|NZ|NG|NO|AT|PY|PE|PH|PL|PT|PR|RO|CH|SG|SI|SK|ZA|FI|SE|TR|GB|UY|GR|RS|UA|IL|AE|BH|MA|PK|TW|JP","v1:6c7daecdd3ff4bbc25bce14fdb706102c737d758d90dde24bb7cdf6ed64584aa","paypal"
"Paytm","http","paytm.com","GET","true","true","downdetector","IN","v1:40f4d579d8880f32daa794cb6ad2d19a4b9984227cc76862436aad6c000dfd48","paytm"
"PayU","http","argentina.payu.com","GET","true","true","downdetector","AR","v1:6735b2e60f2ee00adb0deb8fe997c1c201e95e1f59deadf397f5cc6246369640","payu"
"PayU","http","czech.payu.com","GET","true","true","downdetector","CZ","v1:593809f956868a02490ddcd3dd28b0542a69d9520d8cd544d27e6d2d10cb6026","payu"
"PayU","http","chile.payu.com","GET","true","true","downdetector","CL","v1:8fbef5de0fce42bcb173b0d7d055d91daa09fdcae4d27839209feb2f1b858d41","payu"
"PayU","http","colombia.payu.com","GET","true","true","downdetector","CO","v1:70666558f579a60d9a3bffc79aeee6b9e2f679cfa1a7ffddf5a562a8dc650cc4","payu"
"PayU","http","hungary.payu.com","GET","true","true","downdetector","HU","v1:5ba3406e520a0d9cd5739348462adba154ff6cdf4bef30a2763e2b87221a9ad8","payu"
"PayU","http","mexico.payu.com","GET","true","true","downdetector","MX","v1:1717759a1bd444593c822837155345ca990f6641c15915dd11a633ee39ecc461","payu"
"PayU","http","nigeria.payu.com","GET","true","true","downdetector","NG","v1:2b0036b12dd863f301e462d6bbd45699b4cfe155b7da5abb558b485b77b2c1dd","payu"
"PayU","http","peru.payu.com","GET","true","true","downdetector","PE","v1:f49f8ffec4cd15cc6e0cc4aa3ef104e1fc87721d268d6acde1ff891b93c08be3","payu"
"PayU","http","poland.payu.com","GET","true","true","downdetector","PL","v1:ef4b7be25729ef60f6af27bb1c6dfe4f18b323e8292f2c99de96d5b6d37b19c1","payu"
"PayU","http","romania.payu.com","GET","true","true","downdetector","RO","v1:db3a15705899dcb5dd26c7c603f55ad6785faf0814f3a88999295b74ae00c40a","payu"
"PayU","http","southafrica.payu.com","GET","true","true","downdetector","ZA","v1:6d120b645d8db1ad1bd00021309ce1639d1074c9114faa85f5b978b21144addf","payu"
"Peloton","http","onepeloton.com","GET","true","true","downdetector","CA|DE|GB","v1:1dfcb1a26e2080a1f09bda25594545055a597f900e1ba785f8a2034a58831f6b","peloton"
"Perplexity AI","http","www.perplexity.ai","GET","true","true","downdetector","AR|AU|BE|CA|CZ|CL|CO|DK|DE|EC|ES|FR|GT|HK|HR|IN|ID|IE|IT|KE|HU|MY|MX|NL|NZ|NG|NO|AT|PE|PH|PL|PT|PR|RO|CH|SG|SK|ZA|FI|SE|TR|GB|GR|RS|UA|IL|AE|BH|MA|PK|TW|JP","v1:fbc8a1639311f1d2e5b760a66c475890146f1e926575ea80902b8d418c3fa9bc","perplexity-ai"
"Personio","http","www.personio.com","GET","true","true","downdetector","DE","v1:cd27ac7a3e7799128c241b27244849050283b9dea1cf3750cd49d9ddab14f069","personio"
"Phasmophobia","http","kineticgames.co.uk","GET","true","true","downdetector","AR|AU|BE|CA|CZ|CL|CO|DK|DE|EC|ES|FR|HK|HR|IN|ID|IE|IT|HU|MY|MX|NL|NZ|NO|AT|PE|PH|PL|PT|RO|CH|SG|SK|ZA|FI|SE|TR|GB|GR|AE|PK|JP","v1:461e8c471cbc491755f4583d49703003599ea796ec134bcf802339b3da0a1403","phasmophobia"
"Photobucket","http","photobucket.com","GET","true","true","downdetector","AU|CA|FR|GB","v1:31cb931b8ee45ba522682e17432e2bff1334c6ba686508038af51900085df836","photobucket"
"PIA VPN","http","www.privateinternetaccess.com","GET","true","true","downdetector","AR|AU|BE|CA|CZ|CL|CO|DK|DE|EC|ES|FR|HR|ID|IE|IT|HU|MY|MX|NL|NZ|NO|AT|PE|PH|PL|PT|RO|CH|SG|SK|FI|SE|GB|GR|IL|TW|JP","v1:8de239dc396335a313545a57d3da90c6d6dd719d1094175565cda46db8c8351b","pia-vpn"
"Picnic","http","picnic.app","GET","true","true","downdetector","NL","v1:45141f9af08cf1eed8bffbb13ba0b2a48e77d539004193ed2f6bbd598620f5c5","picnic"
"Ping Identity","http","www.pingidentity.com","GET","true","true","downdetector","AR|AU|BE|CA|CZ|CL|CO|DK|DE|EC|ES|FR|GT|HK|HR|IN|ID|IE|IT|HU|MY|MX|NL|NZ|NG|NO|AT|PE|PH|PL|PT|PR|RO|CH|SG|SK|ZA|FI|SE|TR|GB|GR|RS|IL|AE|BH|MA|PK|TW|JP","v1:e73f58e40bc1a42f44c071f3536d4a044e4c9409f234e038ce4c8823a5825532","ping-identity"
"Pingdom","http","www.pingdom.com","GET","true","true","downdetector","AR|AU|BE|CA|CZ|CL|CO|DK|DE|EC|ES|FR|GT|HK|HR|IN|ID|IE|IT|KE|HU|MY|MX|NL|NZ|NG|NO|AT|PY|PE|PH|PL|PT|PR|RO|CH|SG|SI|SK|ZA|FI|SE|TR|GB|UY|GR|RS|UA|IL|AE|BH|MA|PK|TW|JP","v1:ed58455dd845af50509c180d7a13d2e207705e64ab0037bcda06dc00b3e0821a","pingdom"
"Pinterest","http","pinterest.com","GET","true","true","downdetector","AR|AU|BE|CA|CZ|CL|CO|DK|DE|EC|ES|FR|GT|HK|HR|IN|ID|IE|IT|KE|HU|MY|MX|NL|NZ|NG|NO|AT|PY|PE|PH|PL|PT|PR|RO|CH|SG|SI|SK|ZA|FI|SE|TR|GB|UY|GR|UA|IL|AE|BH|MA|PK|TW|JP","v1:2bbface5d5d789ad7505de2a4a6cb2389700bdd6d9b8135d9240b79691e0a2d5","pinterest"
"Planetside2","http","www.planetside2.com","GET","true","true","downdetector","AU|BE|CA|DE|FR|IT|NL|PL|FI|SE|GB","v1:cb1c8034e7d5f63ade8255498d250f0fd95ddd6b702baa388b6a058c6fb693ea","planetside2"
"Plex","http","plex.tv","GET","true","true","downdetector","AU|BE|CA|CZ|CL|CO|DK|DE|ES|FR|HR|IE|IT|HU|MX|NL|AT|PH|PL|PT|RO|CH|SG|ZA|SE|GB|AE|JP","v1:e55cd10e92a447e99076bf952d004fbbd773dab8e94a986e90fdae6d3a8dc998","plex"
"Pluralsight","http","www.pluralsight.com","GET","true","true","downdetector","AU|IE","v1:095d6f8ac9f288361ced5f04639b3f11ef084c2d2f48b3688be478bd6bdbb2a9","pluralsight"
"Pokerstars","http","www.pokerstars.com","GET","true","true","downdetector","AR|AU|CA|CZ|DK|DE|ES|FR|HR|IE|IT|NL|NZ|PH|RO|SK|SE|GB|GR","v1:e5a0c8716833696445ae79fe2dfac96a7e07ee0e38240a6752a9f1b9fca3da68","pokerstars"
"Poki","http","poki.com","GET","true","true","downdetector","AR|AU|BE|CA|CZ|CL|CO|DK|DE|EC|ES|FR|HK|HR|IN|ID|IE|IT|HU|MY|MX|NL|NZ|NO|AT|PE|PH|PL|PT|RO|CH|SG|SK|ZA|FI|SE|TR|GB|GR|IL|AE|PK|TW|JP","v1:4d92f9be377afd537d1a148df0327a54f66e3cecac2399afadf9a9c28c7b9417","poki"
"Postman","http","postman.com","GET","true","true","downdetector","AR|AU|BE|CA|CZ|CL|CO|DK|DE|EC|ES|FR|GT|HK|HR|IN|ID|IE|IT|KE|HU|MY|MX|NL|NZ|NG|NO|AT|PE|PH|PL|PT|PR|RO|CH|SG|SK|ZA|FI|SE|TR|GB|GR|RS|UA|IL|AE|BH|MA|PK|TW|JP","v1:0f20440695d837604788c9435318867d0c5890abe0f710f87af70752ce534a5e","postman"
"Prezi","http","prezi.com","GET","true","true","downdetector","CA|DE|FR|IN|IT|NL|GB","v1:10ec639fc00a855cff54b0f30e7084604f735b4c9f9f669c7c3bd4ff15ac59af","prezi"
"Prometheus (Grafana Labs)","http","grafana.com","GET","true","true","downdetector","AR|AU|BE|CA|CZ|CL|CO|DK|DE|EC|ES|FR|GT|HK|HR|IN|ID|IE|IT|KE|HU|MY|MX|NL|NZ|NG|NO|AT|PY|PE|PH|PL|PT|PR|RO|CH|SG|SI|SK|ZA|FI|SE|TR|GB|UY|GR|RS|UA|IL|AE|BH|MA|PK|TW|JP","v1:a6d2f6a5788ae42e8ee2ee80443ee6526e2158d1fbbf51cb8bd521bf69d63722","prometheus-grafana-labs"
"ProSieben","http","www.prosieben.de","GET","true","true","downdetector","DE","v1:5fb967c069d17e4cb51359ae4637e5e9412d6c56d78a806605cb53b4151b3cca","prosieben"
"Proton VPN","http","protonvpn.com","GET","true","true","downdetector","AR|AU|BE|CA|CZ|CL|CO|DK|DE|EC|ES|FR|HR|ID|IE|IT|HU|MY|MX|NL|NZ|NO|AT|PE|PH|PL|PT|RO|CH|SG|SK|FI|SE|GB|GR|RS|IL|TW|JP","v1:e9f6025f0780a164112ed627f9441ab3a2498130877cb0a44f4f5c3a9d8089f0","proton-vpn"
"PUBG Battlegrounds","http","www.pubg.com","GET","true","true","downdetector","AR|AU|BE|CA|CZ|CL|CO|DK|DE|ES|FR|HK|HR|IN|ID|IT|HU|MY|MX|NL|NZ|NO|AT|PE|PH|PL|PT|RO|CH|SG|SK|ZA|FI|SE|TR|GB|GR|IL|AE|PK|JP","v1:604d55a3f5a34750e32957b7c41d51f12f17e0130e982a9e13b05eafeddc8ad7","pubg-battlegrounds"
"PureVPN","http","www.purevpn.com","GET","true","true","downdetector","AR|AU|BE|CA|CZ|CL|CO|DK|DE|EC|ES|FR|HR|ID|IE|IT|HU|MY|MX|NL|NZ|NO|AT|PE|PH|PL|PT|RO|CH|SG|SK|FI|SE|GB|GR|IL|TW|JP","v1:4e2350306306a92caa42a0dc862442818d756e9ce53af88f93fdf48c81bcb012","purevpn"
"Pythex.org","http","pythex.org","GET","true","true","downdetector","GB","v1:510d96c59e7476932f8308b3341b1d99a3bf6ba1322ab9380c99ef3dc5cd1c60","pythex-org"
"Qantas","http","www.qantas.com","GET","true","true","downdetector","AU|GB","v1:26ea2e80c1870ef87fb65a94115851c01eeefb2c4b70c04e8ab192d62e8bfbed","qantas"
"Qlik","http","www.qlik.com","GET","true","true","downdetector","AU|BE|CA|DK|DE|ES|FR|IN|ID|IT|MY|MX|NL|NZ|AT|PH|CH|SG|FI|SE|GB|GR|IL|AE|JP","v1:92be574d7e1bd68ca06f0358e217457a58120f2e6c6b2d2c16a6cbbec07d45d0","qlik"
"Qualys","http","www.qualys.com","GET","true","true","downdetector","AR|AU|BE|CA|CZ|CL|CO|DK|DE|EC|ES|FR|GT|HK|HR|IN|ID|IE|IT|KE|HU|MY|MX|NL|NZ|NG|NO|AT|PY|PE|PH|PL|PT|PR|RO|CH|SG|SI|SK|ZA|FI|SE|TR|GB|UY|GR|RS|UA|IL|AE|BH|MA|PK|TW|JP","v1:9742af37f95351f0b855ed3f20fd547e1d068e289f736db1968e1deff692ae67","qualys"
"Quora","http","www.quora.com","GET","true","true","downdetector","IN|GB|PK","v1:a04659b11c502c91d546bc4f905f5d98080aff3514fcdbecd524d2505d2ab3cd","quora"
"QWant","http","qwant.com","GET","true","true","downdetector","FR","v1:d8e68af1291a9050bf10a403216a1b16cfdace3a4e07e2288d2233af63cba1e2","qwant"
"Railway","http","railway.app","GET","true","true","downdetector","AR|AU|BE|CA|CZ|CL|CO|DK|DE|EC|ES|FR|GT|HK|HR|IN|ID|IE|IT|KE|HU|MY|MX|NL|NG|NO|AT|PY|PE|PH|PL|PT|PR|RO|CH|SG|SI|SK|ZA|FI|SE|TR|GB|UY|GR|UA|IL|AE|BH|MA|PK|TW|JP","v1:7b87f1c231d2961e4c7a68a4ebd429f3be5e547949914999e3e840e00a7e3aca","railway"
"Rainbow Six","http","www.rainbow6.com","GET","true","true","downdetector","AR|AU|BE|CA|CZ|CL|CO|DK|DE|EC|ES|FR|GT|HK|HR|IN|ID|IE|IT|HU|MY|MX|NL|NZ|NO|AT|PE|PH|PL|PT|PR|RO|CH|SG|SK|ZA|FI|SE|TR|GB|GR|AE|MA|PK|JP","v1:45cd798fada6e81f769fcb5fc09d95eab291319f142c686f83f89e8cd10ae873","rainbow-six"
"Razer","http","razer.com","GET","true","true","downdetector","AU|CA|DE|ES|FR|IN|IE|IT|MY|NL|NZ|AT|PH|PL|CH|SG|GB","v1:80e782867a0f1a5c8f81abcf1878a26214327caaadbe325a58c2f80ebfaf8c45","razer"
"Realtor.ca","http","realtor.ca","GET","true","true","downdetector","CA","v1:ed7ebba4e81289b3b363aa63ca2aa2060eb7d1c7ee177cd356dfffb98067f435","realtor-ca"
"Red Dead Redemption","http","www.rockstargames.com","GET","true","true","downdetector","AU|BE|CA|DK|DE|ES|FR|IE|IT|NL|NO|AT|PL|CH|ZA|FI|SE|GB","v1:8c0fc40d2a7b644225ff9b830ca6db0a59ac65220ba77ccb0d0bf47585b604ba","red-dead-redemption"
"Reddit","http","reddit.com","GET","true","true","downdetector","AR|AU|BE|CA|CZ|CL|CO|DK|DE|EC|ES|FR|GT|HK|HR|IN|ID|IE|IT|KE|HU|MY|MX|NL|NZ|NG|NO|AT|PY|PE|PH|PL|PT|PR|RO|CH|SG|SI|SK|ZA|FI|SE|TR|GB|UY|GR|RS|UA|IL|AE|BH|MA|PK|TW|JP","v1:66e0855a9baf28010888a1c271401f34bf268ca3c3bd57c5ed04a0c8c8b9c273","reddit"
"Redsys","http","redsys.es","GET","true","true","downdetector","ES","v1:e075ff5a74d7fef34dc03fe5069087478e89946beb3b7eea6f4635a71f1735b0","redsys"
"Register.it","http","register.it","GET","true","true","downdetector","IT","v1:96b681582ee2fda2c1cdf43feccc99bde322a38e23f991e7a62e63110dd076b7","register-it"
"Remitly","http","www.remitly.com","GET","true","true","downdetector","AR|AU|BE|CA|CZ|CL|CO|DK|DE|EC|ES|FR|GT|HK|HR|IN|ID|IE|IT|KE|HU|MY|MX|NL|NZ|NG|NO|AT|PY|PE|PH|PL|PT|PR|RO|CH|SG|SI|SK|ZA|FI|SE|TR|GB|UY|GR|RS|UA|IL|AE|BH|MA|PK|TW|JP","v1:2afdfc3c0cc9b3c53381864bf30a904b0a52f681fb50903ddb7889caa2d5bfca","remitly"
"Retool","http","retool.com","GET","true","true","downdetector","GB","v1:2471ed5792174e4c03a7723aa07704ce33b1625441b28df688ec8f4085a24f81","retool"
"Reve AI","http","app.reve.com","GET","true","true","downdetector","AU|BE|CA|DE|ES|FR|IE|IT|MX|NL|AT|PL|CH|SG|ZA|SE|GB|JP","v1:a4bdbcbc883d105eb51ebdb3a448360604caae36ef9890bed4a025769e474d8c","reve-ai"
"ReviewMeta.com","http","reviewmeta.com","GET","true","true","downdetector","CA","v1:eced76fac78e17ea99230c3f490e9415babc5dae23b6ee0a225c3a5252c33f8d","reviewmeta-com"
"Revolut","http","revolut.com","GET","true","true","downdetector","AU|CZ|DK|DE|ES|FR|HR|IE|IT|HU|NL|AT|PL|PT|RO|CH|GB|GR","v1:15a24467367db6e816557f6de250aa700f6cb4e32a54a266846e847492ff3242","revolut"
"Ring","http","ring.com","GET","true","true","downdetector","AR|AU|BE|CA|CZ|CL|CO|DK|DE|EC|ES|FR|HK|HR|IN|ID|IE|IT|HU|MY|MX|NL|NZ|NO|AT|PE|PH|PL|PT|RO|CH|SG|SK|ZA|FI|SE|TR|GB|GR|IL|AE|PK|JP","v1:5dad06e18c06dad9168c5c76b4734521231226b4cf7e66ba7d8ec532d0b34ff5","ring"
"RingCentral","http","service.ringcentral.com","GET","true","true","downdetector","AR|AU|BE|CA|CZ|CL|CO|DK|DE|EC|ES|FR|GT|HK|HR|IN|ID|IE|IT|KE|HU|MY|MX|NL|NZ|NG|NO|AT|PE|PH|PL|PT|PR|RO|CH|SG|SK|ZA|FI|SE|TR|GB|GR|RS|UA|IL|AE|BH|MA|PK|TW|JP","v1:b6165d9dd51f7419179df08b9361df2ed83e7a834c26c85b238455ffefba42ee","ringcentral"
"Roblox","http","www.roblox.com","GET","true","true","downdetector","AR|AU|BE|CA|CZ|CL|CO|DK|DE|EC|ES|FR|GT|HK|HR|IN|ID|IE|IT|KE|HU|MY|MX|NL|NZ|NG|NO|AT|PY|PE|PH|PL|PT|PR|RO|CH|SG|SI|SK|ZA|FI|SE|TR|GB|UY|GR|RS|UA|IL|AE|BH|MA|PK|TW|JP","v1:d7fd4b95a054dabf50ca7b190567d101912872a701922925cf56475be565344f","roblox"
"Rocket League","http","www.rocketleague.com","GET","true","true","downdetector","AR|AU|BE|CA|CZ|CL|CO|DK|DE|EC|ES|FR|GT|HK|HR|IN|ID|IE|IT|KE|HU|MY|MX|NL|NZ|NG|NO|AT|PY|PE|PH|PL|PT|PR|RO|CH|SG|SI|SK|ZA|FI|SE|TR|GB|UY|GR|RS|UA|IL|AE|BH|MA|PK|TW|JP","v1:22c9d987e452952f9eec31a5cd1f68d6bef9ca8ed7de79c2b98e9363a3bb2f43","rocket-league"
"Rockstar Games","http","www.rockstargames.com","GET","true","true","downdetector","AU|CA|DE|NL|GB","v1:6a036d7c7840538b3ad93a3c7f2f0d0fcee37af8dc8d1482a120a22920d182bb","rockstar-games"
"Roku","http","www.roku.com","GET","true","true","downdetector","AR|AU|BE|CA|CZ|CL|CO|DK|DE|EC|ES|FR|GT|HK|HR|IN|ID|IE|IT|KE|HU|MY|MX|NL|NZ|NG|NO|AT|PY|PE|PH|PL|PT|PR|RO|CH|SG|SI|SK|ZA|FI|SE|TR|GB|UY|GR|RS|UA|IL|AE|BH|MA|PK|TW|JP","v1:e3c840af0ca7bcf958ea95fce2c21457edb894e74e2cf0596ed842c75bf41e4f","roku"
"Roll20","http","roll20.net","GET","true","true","downdetector","AU|BE|CA|DK|DE|ES|FR|ID|IE|IT|NL|PL|ZA|FI|SE|GB|GR","v1:be3aa8f54a560e8cbf560c94cf8a4d3e2a1e455de23265b0c3d4685015c7d432","roll20"
"Royal Caribbean","http","www.royalcaribbean.com","GET","true","true","downdetector","AR|AU|CA|CL|CO|DK|DE|ES|FR|HK|IN|IE|IT|MY|MX|NZ|NO|SG|SE|GB|IL","v1:f94263db696e7dc6ae62a71a4d3eabf56dc56899a2ba956ab6c4954f881e8457","royal-caribbean"
"RTL+","http","www.rtl.de","GET","true","true","downdetector","DE","v1:5e2a7b69dbc1d34eb85c40b53a5bffd9c2a24c64aa44f7f8e01eac0de2e1476f","rtl"
"Rumble","http","rumble.com","GET","true","true","downdetector","AR|AU|BE|CA|CZ|CL|CO|DK|DE|EC|ES|FR|HK|HR|IN|ID|IE|IT|HU|MY|MX|NL|NZ|NO|AT|PE|PH|PL|PT|RO|CH|SG|SK|ZA|FI|SE|TR|GB|GR|IL|AE|PK|TW|JP","v1:dd73f1a4cd6fba6d1c01ff44b22b7cf889316434bc9776c081374b45a381f173","rumble"
"RuneScape","http","www.runescape.com","GET","true","true","downdetector","AU|BE|CA|CZ|CO|DK|DE|FR|IN|ID|MY|MX|NL|NZ|NO|AT|PL|PT|SG|FI|SE|GB","v1:8acc6825eb0bcf19281b0744572c7b14c52f5e8ce6628dc9d229373fd21dd180","runescape"
"Ryanair","http","ryanair.com","GET","true","true","downdetector","DE|IE|IT|NL|GB","v1:36d2a719ead464c62d19d15f941ee79c4731c223e5cad0623e1741a82df58d0e","ryanair"
"Sage","http","www.sage.com","GET","true","true","downdetector","AU|BE|CA|DE|ES|FR|HK|IN|IE|MY|AT|PL|PT|CH|SG|ZA|GB|AE","v1:573f5e5dc63009683c02f1b9cb13208d5dd8b33a384bdb92034308d83a41ded3","sage"
"Sahibinden","http","www.sahibinden.com","GET","true","true","downdetector","TR","v1:38149c8b84a4830fe0ccb6d2745996dc2cfb3d7fdf145bf87855d6dbc3304704","sahibinden"
"Salesforce","http","login.salesforce.com","GET","true","true","downdetector","AU|BE|CA|DE|FR|IN|MX|NL|GB|TW|JP","v1:338bc8484c37c866b80b399fb6cdaf81a4a74e710aa64171203278afd066c221","salesforce"
"Samsung","http","www.samsung.com","GET","true","true","downdetector","AR|CA|CL|CO|IN|IE|IT|MX|PE","v1:8930ac37374d274b6ea187a93a8a4980eaeeda0221a91a4eb26d3842061ecc67","samsung"
"Sat.1","http","sat1.de","GET","true","true","downdetector","DE","v1:78189ac0f29ce0b2645dcca184b75dc537eb8178dbb6089e973fb825b180042e","sat-1"
"Save.TV","http","save.tv","GET","true","true","downdetector","DE","v1:36663e61daa33c9b9ed7ca5a6b1d7be0d33e9836d2086b4329e6485f7db9e012","save-tv"
"Scaleway","http","scaleway.com","GET","true","true","downdetector","FR|GB","v1:5cb39c310e840fca8b33bd0b6a0ae0294e7f84e174d5448083ca5d56b2bdd98a","scaleway"
"Scan.co.uk","http","scan.co.uk","GET","true","true","downdetector","GB","v1:0627f4c77e45441653bb69c6a0346f001ecf3593957695201c1432490996e2a8","scan-co-uk"
"sdt.net","http","sdt.net","GET","true","true","downdetector","DE","v1:2cc9b55d2850cf73444ad3cfff49195f48221e838b1741396f1627ee5bd365a1","sdt-net"
"Sea of Thieves","http","www.seaofthieves.com","GET","true","true","downdetector","AR|AU|BE|CA|CZ|CL|CO|DK|DE|EC|ES|FR|GT|HK|HR|IN|ID|IE|IT|KE|HU|MY|MX|NL|NZ|NG|NO|AT|PY|PE|PH|PL|PT|PR|RO|CH|SG|SI|SK|ZA|FI|SE|TR|GB|UY|GR|RS|UA|IL|AE|BH|MA|PK|TW|JP","v1:fe5a1f86776e81e26d198c9af3d25909fa1c6e21100d571ea8fc4f92b1f68d8e","sea-of-thieves"
"Search.ch","http","search.ch","GET","true","true","downdetector","CH","v1:935739d4551a6905e82d91e984c3816affc04398df6b645b04a3b600dbf84fed","search-ch"
"SEMRush","http","www.semrush.com","GET","true","true","downdetector","GB","v1:332f2cfe97755f39824ae9062ac24ea5c41a4ae0d5d674575162b749c35e50af","semrush"
"ServiceNow","http","www.servicenow.com","GET","true","true","downdetector","AR|AU|BE|CA|CZ|CL|CO|DK|DE|EC|ES|FR|GT|HK|HR|IN|ID|IE|IT|KE|HU|MY|MX|NL|NZ|NG|NO|AT|PY|PE|PH|PL|PT|PR|RO|CH|SG|SI|SK|ZA|FI|SE|TR|GB|UY|GR|RS|UA|IL|AE|BH|MA|PK|TW|JP","v1:b52776de0286f71ffe79a3ac359df660d48378390ff7531859a36a97befa513c","servicenow"
"Shadow","http","shadow.tech","GET","true","true","downdetector","FR","v1:5486466555557995f987963204eb6a85ab70089e7cc8a86e16843b8cea2f4d70","shadow"
"Shazam","http","shazam.com","GET","true","true","downdetector","IT","v1:a0e4017846a877269b762acfa6fe77656019d4fc0c5a7adf54e7a7fbce65ce7e","shazam"
"Shein","http","arg.shein.com","GET","true","true","downdetector","AR","v1:611beb6c797f5ea570be886fbc598732b35f941b15846eceb09127eb0edf23ed","shein"
"Shein","http","au.shein.com","GET","true","true","downdetector","AU","v1:bd94c9529754310f9a14300544d054730427510d168e860fd2c02d2d9be449a6","shein"
"Shein","http","euqs.shein.com","GET","true","true","downdetector","BE|CZ|DK|HU|SK|GR","v1:f857c2577bce9fdf9abf82efeebd751585abe828bffd474da94cf2ff569cc591","shein"
"Shein","http","ca.shein.com","GET","true","true","downdetector","CA","v1:d33ff0621e6c0895b674622a7ec0e052543587960ada4a55ed5cdb814f877a92","shein"
"Shein","http","cl.shein.com","GET","true","true","downdetector","CL","v1:51ddd86f6fe0996e56dff5854edab2af28c530984f4448468c1d2120fd3a4a34","shein"
"Shein","http","www.shein.com.co","GET","true","true","downdetector","CO","v1:4cc00a213a9e78064fe19b6595e86a59883bedc0a2debefe7e84d06c129e32de","shein"
"Shein","http","de.shein.com","GET","true","true","downdetector","DE","v1:1a85a036039f72919b2ffacba7a2020b7aea6f10259e1055362ef1d0de5058d2","shein"
"Shein","http","ec.shein.com","GET","true","true","downdetector","EC","v1:2e3d7ed81d7fefc16f2c9f814a952eff3382b7b4fad8d0324fce238bbcf30639","shein"
"Shein","http","es.shein.com","GET","true","true","downdetector","ES","v1:1f5aa884d7182ccc96ef0d21be24c10b3a4a024a255262998842156ecbcef149","shein"
"Shein","http","fr.shein.com","GET","true","true","downdetector","FR","v1:9e50480fb45e751c8db1a88f04c5acae71ba08d212bb170d484fa2df7b9277dc","shein"
"Shein","http","www.shein.com","GET","true","true","downdetector","GT|KE|NG|PY|UY|UA|PK","v1:0a8461d5ffe51913e4feb41ce40b1f6cc0d4c52ff2982245bf6fb91cb016c74b","shein"
"Shein","http","www.shein.com.hk","GET","true","true","downdetector","HK","v1:6da0676bfe97cee21d3860a19703db9d355529126f37cb2b97ca3921a52577e8","shein"
"Shein","http","eur.shein.com","GET","true","true","downdetector","HR|IE|NO|SI|FI","v1:77f87506554a52e8605dc6e97a571993fb2977379cae3d0b1ece817f69d4e2ab","shein"
"Shein","http","www.sheinindia.in","GET","true","true","downdetector","IN","v1:c8f5765b62e4eb026d6bb528cfee72837eafd00ef9c55ed34a562a723d550d7c","shein"
"Shein","http","id.shein.com","GET","true","true","downdetector","ID","v1:e2da81a0e27876cc4ede8647f9bb976102040d5d554ebe90ab058eb60a3305fb","shein"
"Shein","http","it.shein.com","GET","true","true","downdetector","IT","v1:aec353fe0816bcc5d339a14ce38429b7a6ab471163f3115180cf0c71ae386ce0","shein"
"Shein","http","my.shein.com","GET","true","true","downdetector","MY","v1:75ef6ff9a77d97361f1b40c4fa3e9b91fa666f497035b62c5ab33c29b75e9fe6","shein"
"Shein","http","www.shein.com.mx","GET","true","true","downdetector","MX","v1:894a24d6b8ad14e48bc89621ab5214e1fff04b730cc9d502c48c2fed479ce1f9","shein"
"Shein","http","nl.shein.com","GET","true","true","downdetector","NL","v1:47a6e7aefac5e4f3ebc86205160a98f05013968446f3c2539a99d90f30f43a6f","shein"
"Shein","http","nz.shein.com","GET","true","true","downdetector","NZ","v1:91cdd950bd11b103e7e5ab2fc5d6d4fe19c454aecb4557b92341f43b690f5d40","shein"
"Shein","http","at.shein.com","GET","true","true","downdetector","AT","v1:31b772e8aec508577a30f4755a7bc58b2b11691dc3f36c3d88e584c0881aeccf","shein"
"Shein","http","pe.shein.com","GET","true","true","downdetector","PE","v1:f14ea32412e2ab1c8699c0a7249db7d246aafb84379b2d0b6a5aa681dc331729","shein"
"Shein","http","ph.shein.com","GET","true","true","downdetector","PH","v1:8075ba546eaf9b8f5072884c1bb4d47e63b20fc78cd478b34c13ee296a43870b","shein"
"Shein","http","pl.shein.com","GET","true","true","downdetector","PL","v1:8de7ab008be9e513ff61997d27107e1d3c29e53f6cf39fff998c247c9b3e8ede","shein"
"Shein","http","pt.shein.com","GET","true","true","downdetector","PT","v1:8bdeb0d1b4b6fe8bce8bf4b445acfd41e32bb61528911cc7cf6d2d004411486c","shein"
"Shein","http","us.shein.com","GET","true","true","downdetector","PR","v1:534616ab27abb1daf6bd524529099b92970b27e48b0c207dc9f843da65aba706","shein"
"Shein","http","ro.shein.com","GET","true","true","downdetector","RO","v1:ed874ac1e20d6abc239a3048b4b4d7b11b2454572666dd5a4ea24091283429b7","shein"
"Shein","http","ch.shein.com","GET","true","true","downdetector","CH","v1:9283c654969b68bacae62f36d9fcce7aa8aeec40a27fc0beb617fab771efd5f4","shein"
"Shein","http","sg.shein.com","GET","true","true","downdetector","SG","v1:e4574a97fcd6099813e7b8dd039cf6c58e507dd129f59208ddde04ec45e484d9","shein"
"Shein","http","za.shein.com","GET","true","true","downdetector","ZA","v1:dc864ed4cf43ac8514c42ecbd00555469f778f003b9954dd4d08f24bbf8e3bed","shein"
"Shein","http","www.shein.se","GET","true","true","downdetector","SE","v1:bb976450f1ec11255867fc0ef1a3216c3fe8b5cb6b074ac557b51e94b00560f7","shein"
"Shein","http","tr.shein.com","GET","true","true","downdetector","TR","v1:cee0d61af723ccc0149615aadabd8fcf55ccf6bfed663b42cc1dcf704002015f","shein"
"Shein","http","www.shein.co.uk","GET","true","true","downdetector","GB","v1:e7ea623ee730c7845fbeb0cd653fee9008e3ce1633ed7b963afd99bf1f2d31f7","shein"
"Shein","http","roe.shein.com","GET","true","true","downdetector","RS","v1:4057f63b58b9bbc66c9cb10af402b437fbcba5c238ad19cce75c6cc13045a549","shein"
"Shein","http","il.shein.com","GET","true","true","downdetector","IL","v1:33140b95a41cc1b557ca2e2c29af4888e6771bf95989118632513e40311596e8","shein"
"Shein","http","ar.shein.com","GET","true","true","downdetector","AE|BH","v1:261e4720d75aee6c2d21d4e41f0bceabe9a7d08305eb0837ec8a986e97b9005a","shein"
"Shein","http","ma.shein.com","GET","true","true","downdetector","MA","v1:31ba5bed2a0db5da40dc906db8a3b38d3ec2140ab5ce5a08e707041e16faf156","shein"
"Shein","http","tw.shein.com","GET","true","true","downdetector","TW","v1:d1bf7e110abdbc489e606a16c4002ba3ace3aa3989818b66afb695bc9c5de1de","shein"
"Shein","http","jp.shein.com","GET","true","true","downdetector","JP","v1:619cc0f7798201c686e8863391f96f72a171343c5584d504bb289f6edfc1dee0","shein"
"Shopee 蝦皮購物","http","shopee.com","GET","true","true","downdetector","TW","v1:cde1cb754a620afe1fe51feac2787a41a7f42e05d3390240426b121c87ee1988","shopee"
"Shopify","http","www.shopify.com","GET","true","true","downdetector","AR|AU|CA|CL|CO|EC|GT|IN|MX|NZ|PE|PR|SG|GB","v1:cce5dbc0be7e27e6e8a2ccd42d2b7276aca95437ba1adce14e0431f48db1b59a","shopify"
"signal","http","signal.org","GET","true","true","downdetector","PE","v1:67c699b3c544878f7e64336280e0c795292b5422865d5c1f1c6eb71ebdccb51e","signal"
"Signal","http","signal.org","GET","true","true","downdetector","CA|DE|FR|IN|ID|IE|IT|NL|PL|SG|GB|IL","v1:9b31b6bdff1d497547a0b6805637192f799ad85daf739584e8e553757e8b4869","signal"
"sim.de","http","sim.de","GET","true","true","downdetector","DE","v1:66ea0d1657a9627e9db601d62363628c54766125bd1f7a1a286b01240c886364","sim-de"
"SIMPLE-FAX.DE","http","simple-fax.de","GET","true","true","downdetector","DE","v1:9770895eb10f6c72c41fc7009ade1be4e70bee3877d3f5860654b48f6a1f2636","simple-fax-de"
"Simply.com","http","simply.com","GET","true","true","downdetector","DK|SE","v1:1fd7b85a1fa565469fe0698bc46bc004ad24fbf7ce138eb721784c400a187eec","simply-com"
"Site.de","http","site.de","GET","true","true","downdetector","DE","v1:eeadd7860a396a6d1e94177afa5a1e1dc4e991db142c200b224e90b1d9f55614","site-de"
"SketchUp","http","www.sketchup.com","GET","true","true","downdetector","AU|BE|CA|DE|ES|FR|IE|IT|MX|NL|AT|PL|CH|SG|ZA|SE|GB|JP","v1:460b5a0618ecb9d81e102e8cdb3793515899611c77cf919efbbe55e03c01ca82","sketchup"
"Skills.sh","http","skills.sh","GET","true","true","downdetector","AR|AU|BE|CA|CZ|CL|CO|DK|DE|EC|ES|FR|GT|HK|HR|IN|ID|IE|IT|KE|HU|MY|MX|NL|NZ|NG|NO|AT|PE|PH|PL|PT|PR|RO|CH|SG|SK|ZA|FI|SE|TR|GB|GR|RS|UA|IL|AE|BH|MA|PK|TW|JP","v1:29296408360566aed6b22c8042539ffebeab1677969eead2299e3b846603f8f8","skills-sh"
"Sky","http","sky.de","GET","true","true","downdetector","DE","v1:8da4ad283723399d1531585566ef4d3d8fdbc7a0d8faf9ff8a3a929cba18df37","sky"
"Sky","http","sky.com","GET","true","true","downdetector","IE|GB","v1:b2a3bac648d82674086455d9bf5a95a88f2bdde1bbec4678e5fc51622d350220","sky"
"Sky","http","sky.it","GET","true","true","downdetector","IT","v1:238677786b230e423701e894a87c7abdc759dfe025761f5afa1aa3200e91ab25","sky"
"Sky","http","sky.co.nz","GET","true","true","downdetector","NZ","v1:59339dcf0970b568b90611986b3695f2d43876f56ab092344605b887fa9d2553","sky"
"Sky","http","sky.at","GET","true","true","downdetector","AT","v1:1dbdd412ee8e8e1ee794808aa5d0032fd9db5151cd378b57ecd62ed31ea7362f","sky"
"SKY","http","sky.com.mx","GET","true","true","downdetector","MX","v1:584d01d6ed6189a25f2556297133b219e15241ff7a45d1e4735e07d0bc4c9c93","sky"
"Skyrock.com","http","skyrock.com","GET","true","true","downdetector","FR","v1:c211490ed6c1935664ce6eb27828f7cc1d52c0e8a745cb2803d9e41131322bfe","skyrock-com"
"SkyShowTime","http","skyshowtime.com","GET","true","true","downdetector","CZ|DK|ES|HR|HU|NL|NO|PL|PT|RO|SK|FI|SE","v1:9bc43c942fabf1c94caf677a22a4aa12a64ee93143e6704e39bd9ad40e4d7758","skyshowtime"
"Slideshare","http","www.slideshare.net","GET","true","true","downdetector","AU|CA|FR|GB","v1:996a3ca03cb3af6d8f752a89d8e82fc2ad211223797537d59703a9ec36153201","slideshare"
"Smart","http","smart.com.ph","GET","true","true","downdetector","PH","v1:8c55bc6af188c92016caf10d13b78ba8bdcc7881478ac5b9da16d8cd3a848fad","smart"
"SmugMug","http","smugmug.com","GET","true","true","downdetector","CA|ES|IT|GB","v1:31be051851f6d9302f071df33b4402d914c4e7537257d1e852939e08e2f48601","smugmug"
"Snapchat","http","www.snapchat.com","GET","true","true","downdetector","AR|AU|BE|CA|CZ|CL|CO|DK|DE|EC|ES|FR|GT|HK|HR|IN|ID|IE|IT|KE|HU|MY|MX|NL|NZ|NG|NO|AT|PY|PE|PH|PL|PT|PR|RO|CH|SG|SI|SK|ZA|FI|SE|TR|GB|UY|GR|RS|UA|IL|AE|BH|MA|PK|TW|JP","v1:b07876363d33eec95da8d0eb34d6889549701180787545fdc024a32674677faa","snapchat"
"SolarWinds","http","www.solarwinds.com","GET","true","true","downdetector","AR|AU|BE|CA|CZ|CL|CO|DK|DE|EC|ES|FR|GT|HK|HR|IN|ID|IE|IT|KE|HU|MY|MX|NL|NZ|NG|NO|AT|PY|PE|PH|PL|PT|PR|RO|CH|SG|SI|SK|ZA|FI|SE|TR|GB|UY|GR|RS|UA|IL|AE|BH|MA|PK|TW|JP","v1:c068f6ece33e5c7ea4615e16716a14823b41fca8a9a0bae4f9fc170ec57eae00","solarwinds"
"Sonos","http","www.sonos.com","GET","true","true","downdetector","AU|BE|CA|CZ|DK|DE|ES|FR|HR|IE|IT|HU|NL|NO|AT|PL|PT|RO|CH|SK|FI|SE|GB|GR|IL","v1:d407b4f2bc481546d45cd8578f291220b5a330e77eda866c271439f2ce5d3782","sonos"
"Soundcloud","http","soundcloud.com","GET","true","true","downdetector","AU|CA|DE|IE|NL|RO|SE|GB","v1:868f0b65898b43c2332a8b15db61aa4dab5d7a86579333650b122fcd83ac1081","soundcloud"
"Sourceforge","http","sourceforge.net","GET","true","true","downdetector","CA|RO|GB","v1:ac7048b1ce8677af523a3ad77e972174b5602ab0bef56d4526be96e7e79ed7ca","sourceforge"
"Sparkasse","http","www.sparkasse.de","GET","true","true","downdetector","DE","v1:5ad41feb8c94d9eb1c99837d6500710d5f16d101719e8816a33931ca85cdbeec","sparkasse"
"Specsavers","http","www.specsavers.com.au","GET","true","true","downdetector","AU","v1:931722e787e6260cda60935c58cf303cef8a8868ea6be904d65c1a717dc8401f","specsavers"
"Specsavers","http","www.specsavers.ca","GET","true","true","downdetector","CA","v1:5b3a07af3a3ee98e2bcbded2ee7086a0b45efd6506e2e2e3051fb6a4947f8de2","specsavers"
"Specsavers","http","www.louisnielsen.dk","GET","true","true","downdetector","DK","v1:37a01cd3e37d97b363acd8af42aab2c509f83327ea32aa911801d2e5aa5edbf8","specsavers"
"Specsavers","http","www.specsavers.ie","GET","true","true","downdetector","IE","v1:e8f3c577a83844f12bd048baea8bbb9526e77e3a7a7ef6ad590ca3ca0bc236e8","specsavers"
"Specsavers","http","www.specsavers.nl","GET","true","true","downdetector","NL","v1:f27ff8ecc15b10ca91068d8b023e25c6cc3188ac3cd76c2343f057aa3d8860ca","specsavers"
"Specsavers","http","www.specsavers.co.nz","GET","true","true","downdetector","NZ","v1:c84522ee9c04f14cce7c2412eefc092d757b9f5621a3b8c7a793e289d076d0c3","specsavers"
"Specsavers","http","www.specsavers.no","GET","true","true","downdetector","NO","v1:efc7a20460b247eabb3da78d9b2485fc7755cd91c1d9f6a3fc42f1dbe6e06604","specsavers"
"Specsavers","http","www.specsavers.fi","GET","true","true","downdetector","FI","v1:437d14e9fd4b0af88b133032234a0ce5f6de71c1f058d9f060eb3f8668c71143","specsavers"
"Specsavers","http","www.specsavers.se","GET","true","true","downdetector","SE","v1:5eec5373644fcc492c76fa4ff31f5ce6a4e5ca29ff8eba954fac32eb71b83e84","specsavers"
"Specsavers","http","www.specsavers.co.uk","GET","true","true","downdetector","GB","v1:27f46d067f57be38f95d4f141ace6ee8af5e8625b0b2faef0dac1f8e1aa0b772","specsavers"
"Speedtest","http","www.speedtest.net","GET","true","true","downdetector","AR|AU|CA|CZ|CL|CO|DK|DE|EC|ES|FR|GT|HR|IN|ID|IE|IT|KE|MX|NL|NG|AT|PE|PH|PL|PT|PR|RO|SG|ZA|SE|TR|GB|RS|UA|IL|BH|JP","v1:270bef18d465db2679d77358a4c44d02e0ef58b821fed7fee040a00b09f0e0bf","speedtest"
"Splunk","http","www.splunk.com","GET","true","true","downdetector","AR|AU|BE|CA|CZ|CL|CO|DK|DE|EC|ES|FR|GT|HK|HR|IN|ID|IE|IT|KE|HU|MY|MX|NL|NZ|NG|NO|AT|PY|PE|PH|PL|PT|PR|RO|CH|SG|SI|SK|ZA|FI|SE|TR|GB|UY|GR|RS|UA|IL|AE|BH|MA|PK|TW|JP","v1:0284ff043fda3a86bf1c9f768cc7d29efd5d0c6c6e6b6ec1712cfc29521f99f0","splunk"
"Spond","http","spond.com","GET","true","true","downdetector","NO","v1:4d563782da4609cb2311dbd74f34be498bb171824cd6dcbad6bae8b689274b8e","spond"
"Spotify","http","spotify.com","GET","true","true","downdetector","AR|AU|BE|CA|CZ|CL|CO|DK|DE|EC|ES|FR|GT|HK|HR|IN|ID|IE|IT|KE|HU|MY|MX|NL|NZ|NG|NO|AT|PY|PE|PH|PL|PT|PR|RO|CH|SG|SI|SK|ZA|FI|SE|TR|GB|UY|GR|UA|IL|AE|BH|MA|PK|TW|JP","v1:7bb6361861564b431917cb64e3f1c452be173630d22aeb3b4d2fa572ecef73e5","spotify"
"Square","http","squareup.com","GET","true","true","downdetector","CA|FR|HK|MX|NL|PH|PL|GB|JP","v1:f54808c26df25fdef6053da991957eaa8ef9c81de48aa015918f45a4fa45be05","square"
"Squarespace","http","www.squarespace.com","GET","true","true","downdetector","AR|AU|BE|CA|CZ|CL|CO|DK|DE|EC|ES|FR|GT|HK|HR|IN|ID|IE|IT|KE|HU|MY|MX|NL|NZ|NG|NO|AT|PY|PE|PH|PL|PT|PR|RO|CH|SG|SI|SK|ZA|FI|SE|TR|GB|UY|GR|RS|UA|IL|AE|BH|MA|PK|TW|JP","v1:75f515a57979d41aad832970fdb2a163c96ce3620ae018495e9df94811af3a1b","squarespace"
"Stack Overflow","http","stackoverflow.com","GET","true","true","downdetector","AR|AU|CA|DE|ES|FR|IN|IT|NL|PL|SK|FI|TR|GB","v1:f724c5f53adbe1a18c28b35fb157c78a88554cae5751c4bd4b312a65fc64392f","stack-overflow"
"Star Wars: The Old Republic","http","www.swtor.com","GET","true","true","downdetector","AU|BE|CA|DE|FR|IE|NL|CH|SG|ZA|GB","v1:9cbc82ea96b7136964c2eef1752bf29f2e465cbea50895a1e68f791a44b25849","star-wars-the-old-republic"
"Starbucks","http","www.starbucks.com","GET","true","true","downdetector","AR|AU|CA|ES|HK|IE|MY|MX|PT|SG|TR|GB|GR|JP","v1:5b6e773ec8d4dd559344e1d4373e98ca1fa7fec24c6d3c60c04bd5579a4c4960","starbucks"
"Starfield","http","bethesda.net","GET","true","true","downdetector","AR|CA|CO|ES|ID|IE|MX|NO|PR|ZA|TR|GB|PK","v1:0c93d66dcc4a5283013ae9dcf16bc0f4947ced130b239a8623f3b74f056cd35a","starfield"
"Starling Bank","http","www.starlingbank.com","GET","true","true","downdetector","GB","v1:8994522d0ad705162910c1fb3a80c09fa119d2479482e17f243825ca9299d4f7","starling-bank"
"Starlink","http","starlink.com","GET","true","true","downdetector","AR|AU|BE|CA|CZ|CL|CO|DK|DE|EC|ES|FR|GT|HR|ID|IE|IT|HU|MY|MX|NL|NZ|NG|NO|AT|PY|PE|PH|PL|PT|RO|CH|SK|FI|SE|GB|UY|GR|UA|JP","v1:8ebc0234dd15651ccde9ae8371043be34472f854df5d91c659720cc5a69c9f05","starlink"
"Startpage","http","startpage.com","GET","true","true","downdetector","CA|DE","v1:2f9d5aa64ff0c64ab721bf6e8c2f13b28156617ae6dcc408feb7d72dfa52f580","startpage"
"Steam","http","store.steampowered.com","GET","true","true","downdetector","AR|AU|BE|CA|CZ|CL|CO|DK|DE|EC|ES|FR|GT|HK|HR|IN|ID|IE|IT|KE|HU|MY|MX|NL|NZ|NG|NO|AT|PY|PE|PH|PL|PT|PR|RO|CH|SG|SI|SK|ZA|FI|SE|TR|GB|UY|GR|RS|UA|IL|AE|BH|MA|PK|TW|JP","v1:14710e5f97240d8ea513d67914bd0ee957e1d2226c0f08c94907bff40c3ca762","steam"
"Storyblok","http","www.storyblok.com","GET","true","true","downdetector","GB","v1:d7573f4d3715a29708070c90c81443f3a4528a1adffc1041f317c839e0077bd4","storyblok"
"Streamlabs","http","streamlabs.com","GET","true","true","downdetector","FR","v1:d0b43c94db1f76301ebabc65e1f4ae9347004c56701af72931e762ff272c3a6f","streamlabs"
"Stripe","http","stripe.com","GET","true","true","downdetector","AR|AU|BE|CA|CZ|CL|CO|DK|DE|EC|ES|FR|GT|HK|HR|IN|ID|IE|IT|KE|HU|MY|MX|NL|NZ|NG|NO|AT|PY|PE|PH|PL|PT|PR|RO|CH|SG|SI|SK|ZA|FI|SE|TR|GB|UY|GR|RS|UA|IL|AE|BH|MA|PK|TW|JP","v1:f69fa01563799eba7c882ab8eb24cbd9643a71d748f8b629fd781a7c21e140a3","stripe"
"Stubhub","http","www.stubhub.com","GET","true","true","downdetector","IL","v1:fbcf31e25ca73610a2f46b0530c779dfe85fd22190cdbff649ba1b3451cf3ba7","stubhub"
"Substack","http","substack.com","GET","true","true","downdetector","GB","v1:f685ceb819f0d317939ee000800432a5073ada74e6a7da5cb64e2de7045f3199","substack"
"Suno","http","suno.com","GET","true","true","downdetector","AR|AU|BE|CA|CZ|CL|CO|DK|DE|EC|ES|FR|GT|HK|HR|IN|ID|IE|IT|KE|HU|MY|MX|NL|NZ|NG|NO|AT|PE|PH|PL|PT|PR|RO|CH|SG|SK|ZA|FI|SE|TR|GB|GR|RS|UA|IL|AE|BH|MA|PK|TW|JP","v1:7928cab16b2ea2b945ef1648f761338e4e564f3f6879cfdfc3dcb451a4aec551","suno"
"Sunrise","http","www.sunrise.ch","GET","true","true","downdetector","CH","v1:8a6066b1742187f5b729b7dda1de87a203705b6765033213fb27cc916dcf9131","sunrise"
"Supercell","http","supercell.com","GET","true","true","downdetector","FI","v1:9b65ace28107ace8c3988a5b909b456328d297d06ee9de563aef8bf6204cd7e2","supercell"
"Surfshark","http","surfshark.com","GET","true","true","downdetector","AR|AU|BE|CA|CZ|CL|CO|DK|DE|EC|ES|FR|HR|ID|IE|IT|HU|MY|MX|NL|NZ|NO|AT|PE|PH|PL|PT|RO|CH|SG|SK|FI|SE|GB|GR|IL|TW|JP","v1:34140360c22e63d4381b915853586237d2a4551d026f55043b101164b742f44f","surfshark"
"Swiggy","http","www.swiggy.com","GET","true","true","downdetector","IN","v1:6694e82c36b79fd833a5ed073c0280a119902ef6a4c0412e0455d95724e4d351","swiggy"
"Synthesia","http","synthesia.io","GET","true","true","downdetector","AU|BE|CA|DE|ES|FR|IE|IT|MX|NL|AT|PL|CH|SG|ZA|SE|GB|JP","v1:03bc6248119dcacff323ea559603d025cc0eac0fbb6ac279ac1ffe19375cc7ce","synthesia"
"T-M-Net.de","http","t-m-net.de","GET","true","true","downdetector","DE","v1:5d937aaa593ec91d8a9cba091ad187c72633d3ff897eeae0fd9b867e5a68053f","t-m-net-de"
"Tableau","http","www.tableau.com","GET","true","true","downdetector","AR|AU|BE|CA|CZ|CL|CO|DK|DE|EC|ES|FR|GT|HK|HR|IN|ID|IE|IT|KE|HU|MY|MX|NL|NZ|NG|NO|AT|PY|PE|PH|PL|PT|PR|RO|CH|SG|SI|SK|ZA|FI|SE|TR|GB|UY|GR|RS|UA|IL|AE|BH|MA|PK|TW|JP","v1:f5c27c46b0fbb24541efcdee71333a695e542d50cac30ee51f590ab452471736","tableau"
"Tado","http","www.tado.com","GET","true","true","downdetector","DE|IT|NL|AT|GB","v1:3db2c9d0a689671ee67d28f4f621519c8722a953ddf5e788ef6f68a61259b4ce","tado"
"Tailscale","http","tailscale.com","GET","true","true","downdetector","GB","v1:78e316018310243415d5d0b05354095acb75cadae50dd3b7225023c5d03752c9","tailscale"
"Talent.com","http","talent.com","GET","true","true","downdetector","IE","v1:90c18a0c83358effee88780ca43d45e90fb08b4ae5f64f918f5a53cec325d0b0","talent-com"
"Talkie","http","www.talkie-ai.com","GET","true","true","downdetector","AU|BE|CA|DE|ES|FR|IE|IT|MX|NL|AT|PL|CH|SG|ZA|SE|GB|JP","v1:94006508e1a5183cbc0cd43c4d3aa14935994789afb50176dc1088c160dd5d33","talkie"
"Tango","http","tango.me","GET","true","true","downdetector","AU|CA|DE|ES|FR|IN|IT|MX|NL|CH|TR|GB","v1:741bd89d4d2adfb3738e92347afb8401d3e8d6f7c89f04663d3d4edb2b8db36b","tango"
"Target","http","target.com.au","GET","true","true","downdetector","AU","v1:ab813ce4dd8c335f71bb7309b85eaa84772cf14e9486ba3f284bd42eac3ed4e7","target"
"TaTa","http","tata.com.uy","GET","true","true","downdetector","UY","v1:018f2d690450c3500890df94e96a029a8efb91e5e4c8f71f8c74f6feba939d9a","tata"
"Team Fortress 2","http","teamfortress.com","GET","true","true","downdetector","AR|AU|BE|CA|CZ|CL|CO|DK|DE|EC|ES|FR|GT|HK|HR|IN|ID|IE|IT|KE|HU|MY|MX|NL|NZ|NG|NO|AT|PE|PH|PL|PT|PR|RO|CH|SG|SK|ZA|FI|SE|TR|GB|GR|RS|UA|IL|AE|BH|MA|PK|TW|JP","v1:f894a9b007c0d38f0acb18d2127a002efa11a183eeeb5d93a56d964ec0f71572","team-fortress-2"
"Teamspeak","http","teamspeak.com","GET","true","true","downdetector","AR|AU|CA|DK|DE|ES|FR|IN|IE|IT|NL|NZ|AT|PL|PT|RO|ZA|FI|SE|TR|GB","v1:3f240e298d926aee2ff2207afdf04e1791cf3416487a0855b9157c4160a24f30","teamspeak"
"TeamViewer","http","www.teamviewer.com","GET","true","true","downdetector","AR|AU|BE|CA|CL|CO|DK|DE|ES|FR|IN|IE|IT|MX|NL|AT|PL|PT|CH|ZA|SE|GB|JP","v1:fdf199ea4031cec1f2820034e38409d8a9e5377968fe491474d94aa3a14e2323","teamviewer"
"Telegram","http","telegram.org","GET","true","true","downdetector","AR|AU|BE|CA|CZ|CL|CO|DK|DE|EC|ES|FR|GT|HK|HR|IN|ID|IE|IT|KE|HU|MY|MX|NL|NZ|NG|NO|AT|PY|PE|PH|PL|PT|PR|RO|CH|SG|SI|SK|ZA|FI|SE|TR|GB|UY|GR|RS|UA|IL|AE|BH|MA|PK|TW|JP","v1:c696faa5797e2c3314b889cb346febcc437ecd3d68d3d619effd0278d436f32d","telegram"
"Telenor","http","telenor.dk","GET","true","true","downdetector","DK","v1:ba6a008445a2fc871c524212b3e82e51ed96b4a44935b9455e6c0e1026ac7c36","telenor"
"Telenor","http","telenor.no","GET","true","true","downdetector","NO","v1:af5abaf911d5508f95c4526a8ba00aba07b63994ae76e90dbfd1989f7c4c20c7","telenor"
"Telenor","http","telenor.se","GET","true","true","downdetector","SE","v1:bda45c3f277d09a1e17031912770e9cb030fd48db721065da7910e9db23e280b","telenor"
"Telenor","http","telenor.com.pk","GET","true","true","downdetector","PK","v1:247b2e215b7827756b25753e28fc3807fd9f283d6cabb855069a5affac0543f0","telenor"
"Tencent Cloud","http","intl.cloud.tencent.com","GET","true","true","downdetector","AR|AU|BE|CA|CZ|CL|CO|DK|DE|EC|ES|FR|GT|HK|HR|IN|ID|IE|IT|KE|HU|MY|MX|NL|NZ|NG|NO|AT|PY|PE|PH|PL|PT|PR|RO|CH|SG|SI|SK|ZA|FI|SE|TR|GB|UY|GR|RS|UA|IL|AE|BH|MA|PK|TW|JP","v1:630512e387ba03e5baaa05c7307dadc46678d5924ecd8ee2c101ef57a40e8003","tencent-cloud"
"Tenki.jp","http","tenki.jp","GET","true","true","downdetector","JP","v1:38120dcacbe2dbdf06ca11a4cb74a93b7e15da902fe93a90f768099b4b00a055","tenki-jp"
"Terraform Cloud","http","app.terraform.io","GET","true","true","downdetector","AR|AU|BE|CA|CZ|CL|CO|DK|DE|EC|ES|FR|GT|HK|HR|IN|ID|IE|IT|KE|HU|MY|MX|NL|NZ|NG|NO|AT|PY|PE|PH|PL|PT|PR|RO|CH|SG|SI|SK|ZA|FI|SE|TR|GB|UY|GR|RS|UA|IL|AE|BH|MA|PK|TW|JP","v1:b13c4e4d8ac9e05d50f6b37c524ff266e6f20a8bbba9107c9c1222c72b0b9787","terraform-cloud"
"Tesco","http","tesco.ie","GET","true","true","downdetector","IE","v1:64949a9db25adf1ee815b6832f374ec366a4bf5d45dce6030cd53be4c2974575","tesco"
"Tesco","http","tesco.com","GET","true","true","downdetector","GB","v1:f8d74d23f9df886010c4bc260b9ba5aa64aa135418dec38f049aa0ffa189e851","tesco"
"Tesla","http","www.tesla.com","GET","true","true","downdetector","AR|AU|BE|CA|CZ|CL|CO|DK|DE|EC|ES|FR|GT|HK|HR|IN|ID|IE|IT|KE|HU|MY|MX|NL|NZ|NG|NO|AT|PE|PH|PL|PT|PR|RO|CH|SG|SK|ZA|FI|SE|TR|GB|GR|RS|UA|IL|AE|BH|MA|PK|TW|JP","v1:019bc42631b31620930df8860486b2168d0d20e006cd56ac037f15dc23979cb8","tesla"
"Test.de","http","test.de","GET","true","true","downdetector","DE","v1:45225d5b40e926e776b819c9b76f7fd4a2b4839eebafde664ca4406743e10864","test-de"
"test.mosquitto.org","http","test.mosquitto.org","GET","true","true","downdetector","FR","v1:8e454357a15e59b222e00f081a358321cf449fdda742ee1cdecda022939cf49c","test-mosquitto-org"
"The Division","http","www.ubisoft.com","GET","true","true","downdetector","AR|AU|CA|CZ|CL|DK|DE|ES|FR|HK|IN|ID|IE|IT|HU|MY|MX|NL|NZ|NO|AT|PH|PL|PT|RO|CH|SG|SK|ZA|SE|TR|GB|GR|JP","v1:a4dfc10a6780990e524bef4b813f6c89d06aa61d9f0dc293864d35caae632777","the-division"
"The Last Of Us","http","www.playstation.com","GET","true","true","downdetector","AR|AU|BE|CA|CZ|CL|CO|DK|DE|EC|ES|FR|GT|HK|HR|IN|ID|IE|IT|KE|HU|MY|MX|NL|NZ|NG|NO|AT|PY|PE|PH|PL|PT|PR|RO|CH|SG|SI|SK|ZA|FI|SE|TR|GB|UY|GR|RS|UA|IL|AE|BH|MA|PK|TW|JP","v1:ea1f390fe3f6093ec9a77f19c93fa326946d345cb8fb8c1b6ff7b167a03a731b","the-last-of-us"
"The Sims 4","http","www.ea.com","GET","true","true","downdetector","AR|AU|BE|CA|CZ|CL|CO|DK|DE|EC|ES|FR|GT|HK|HR|IN|ID|IE|IT|KE|HU|MY|MX|NL|NZ|NG|NO|AT|PY|PE|PH|PL|PT|PR|RO|CH|SG|SI|SK|ZA|FI|SE|TR|GB|UY|GR|RS|UA|IL|AE|BH|MA|PK|TW|JP","v1:6e669b4eb3704105de24afeda5c78f0cb94d5196656dff515b86ee98ff148815","the-sims-4"
"The Weather Channel","http","weather.com","GET","true","true","downdetector","CA|GB","v1:8992a842c7c51d58f352a84d8e8ce821cb126b1de0a8da0dac63972a9e924cc8","the-weather-channel"
"Thingiverse","http","www.thingiverse.com","GET","true","true","downdetector","AU|BE|CA|CZ|DK|DE|ES|FR|HR|IE|IT|HU|MX|NL|NZ|NO|AT|PL|PT|RO|CH|SG|SK|FI|SE|TR|GB|GR","v1:9d887638357c9503ce36d5dce9b023e9d2e0ed25e2e6ae906f1182478bd07d6e","thingiverse"
"Threema","http","threema.ch","GET","true","true","downdetector","DE|NL|AT|CH","v1:270e88bc8cccf69f92da0b4a0b3ff9be3f0ff509da61762056a56dcc6fa9b159","threema"
"Thuisbezorgd.nl","http","thuisbezorgd.nl","GET","true","true","downdetector","NL","v1:5712d536dddb75c6889e2ae230324488b801d4503c89b4818c265c67aad5712b","thuisbezorgd-nl"
"Ticketmaster","http","ticketmaster.com.au","GET","true","true","downdetector","AU","v1:aaa8457bcc661f78a4f08e59b4c43fa62d1d999fd6e0ee2cabf142f1e281e49e","ticketmaster"
"Ticketmaster","http","ticketmaster.ca","GET","true","true","downdetector","CA","v1:65adb2e6d329b70c7fdd6b3f81df124e88b5a59d2040333fcafdc800018087df","ticketmaster"
"Ticketmaster","http","ticketmaster.ie","GET","true","true","downdetector","IE","v1:0b5d8a63cd1eb64a0a3c25dcc5c12810b30cb1d6f3367b7646df8a84140013ad","ticketmaster"
"Ticketmaster","http","ticketmaster.nl","GET","true","true","downdetector","NL","v1:7553c7619688348ffb059b8cfd77d1fbaf8726b9908c62d56e767ca35b7cfece","ticketmaster"
"Ticketmaster","http","ticketmaster.sg","GET","true","true","downdetector","SG","v1:4b0e0af7bdc6711610b89efb462964f6c79fe897a94305351174c66158f617b7","ticketmaster"
"Ticketmaster","http","ticketmaster.co.uk","GET","true","true","downdetector","GB","v1:32979bcd64d75001d1694c32d968d65ea95a9d1363c71739055f570f00583597","ticketmaster"
"Tidal","http","tidal.com","GET","true","true","downdetector","AR|AU|BE|CO|DE|ES|FR|HK|IT|MX|NL|NZ|NO|PE|PL|CH|SE|TR|GB","v1:329eeeb2082c0be5a2fb2a72209d17346e01303067b87cc0e6ea145f734d3d87","tidal"
"Tide","http","www.tide.co","GET","true","true","downdetector","NO","v1:6780e210bc15823237d7390133564df2d730c2e48dc014f162fd2de7459fd410","tide"
"TietoEvry","http","www.tietoevry.com","GET","true","true","downdetector","NO|FI|SE","v1:cd498d6d3eef2b996278fb4731cfc3be46f8910837164682af4ed2dfdd99e3b6","tietoevry"
"TikTok","http","tiktok.com","GET","true","true","downdetector","AR|AU|BE|CA|CZ|CL|CO|DK|DE|EC|ES|FR|GT|HK|HR|IN|ID|IE|IT|KE|HU|MY|MX|NL|NZ|NG|NO|AT|PY|PE|PH|PL|PT|PR|RO|CH|SG|SI|SK|ZA|FI|SE|TR|GB|UY|GR|RS|UA|IL|AE|BH|MA|PK|TW|JP","v1:6d76ce5599b491ea7c900bec07a12c168c35f032505e644adbc3e58f130c79d3","tiktok"
"Tinder","http","www.gotinder.com","GET","true","true","downdetector","AR|AU|BE|CA|CZ|CL|CO|DK|DE|ES|FR|HK|HR|IN|ID|IE|IT|HU|MY|MX|NL|NZ|NO|AT|PE|PH|PL|PT|RO|CH|SG|ZA|FI|SE|TR|GB|IL|AE|PK|JP","v1:13761467cf6b335d591f5719c4214d742e5a16198cad4aabad03abb1638b4c8d","tinder"
"Tingleflow","http","tingleflow.com","GET","true","true","downdetector","AR|AU|BE|CA|CZ|CL|CO|DK|DE|EC|ES|FR|HK|HR|IN|ID|IE|IT|HU|MY|MX|NL|NZ|NO|AT|PE|PH|PL|PT|RO|CH|SG|SK|ZA|FI|SE|TR|GB|GR|IL|AE|PK|TW|JP","v1:a086c087e9a5d2eb9ce3a49d2dc8d12e9e1d418a92f656aa90d7d49cb25b660a","tingleflow"
"Tiscali.cz","http","tiscali.cz","GET","true","true","downdetector","CZ","v1:2a3570e9dd0cd7c50f9b248782c882ddeab33f5cb6acd82c4c3d3fe99c633d78","tiscali-cz"
"Titanfall","http","www.ea.com","GET","true","true","downdetector","AR|AU|CA|CL|CO|DK|DE|ES|FR|IN|IT|HU|MX|AT|PL|CH|SG|SK|ZA|GB|JP","v1:053404a549e8a36e38fe7776e7f25a9f7e1ebb719dcb2a054b7448e11c4c16e3","titanfall"
"TomTom","http","brandguide.tomtom.com","GET","true","true","downdetector","DE","v1:f2c06c1640ae0415d7e7cd8177807a1ad694c80349349f7ab55b385d4693ec55","tomtom"
"Tor Project","http","styleguide.torproject.org","GET","true","true","downdetector","GB","v1:91986e1f5d4c1946ba68247ee87206134a7730b26e9123dead5ff36d9803ff9b","tor-project"
"TradingVIew","http","www.tradingview.com","GET","true","true","downdetector","AU|AE","v1:b9e4bb17da8f306cb142a8854804ba406bdbc22b137b940ba17e9865bee98579","tradingview"
"Trakt","http","trakt.tv","GET","true","true","downdetector","AR|AU|BE|CA|CZ|CL|CO|DK|DE|EC|ES|FR|HK|HR|IN|ID|IE|HU|MY|MX|NL|NZ|NO|AT|PE|PH|PL|PT|RO|CH|SG|SK|ZA|FI|SE|TR|GB|GR|AE|PK|JP","v1:173de861196b558284d7198da0676f5704e57416317a66f35f41d323ad5e8b90","trakt"
"TransferMate","http","www.transfermate.com","GET","true","true","downdetector","AR|AU|BE|CA|CZ|CL|CO|DK|DE|EC|ES|FR|GT|HK|HR|IN|ID|IE|IT|KE|HU|MY|MX|NL|NZ|NG|NO|AT|PY|PE|PH|PL|PT|PR|RO|CH|SG|SI|SK|ZA|FI|SE|TR|GB|UY|GR|RS|UA|IL|AE|BH|MA|PK|TW|JP","v1:5c711cf24cf9a6535d2f7aea0c43925476b669da6c435dfb92190eb64cb9ef13","transfermate"
"Transport for Ireland","http","www.transportforireland.ie","GET","true","true","downdetector","IE","v1:d7a03f7b9a4d594166a8e3a522ba1ffb16f5185424a446ecca3a3a54936759f8","transport-for-ireland"
"Trend Micro","http","www.trendmicro.com","GET","true","true","downdetector","JP","v1:3d1429439687b3057671203e91107d38a2ee6e5ffafb1216a8f664a1f84caa10","trend-micro"
"Tripadvisor","http","tripadvisor.com","GET","true","true","downdetector","CA|FR","v1:16e75b48a2555166f4db0c18989717db24b5b2b574b02859f7c3484197a93001","tripadvisor"
"Trolley.co.uk","http","trolley.co.uk","GET","true","true","downdetector","GB","v1:826539d9561c3392e0d177a40fe186d274a155827f0dc23d528836391260ba1c","trolley-co-uk"
"Trove","http","trovegame.com","GET","true","true","downdetector","CA|GB","v1:eb120e5b9d836aebcf45da426995aa3fe37685f0e45652b68e2abfcbaa8a43d7","trove"
"Trustpilot","http","trustpilot.com","GET","true","true","downdetector","AU|BE|CA|DK|DE|ES|FR|IE|IT|NL|NZ|NO|AT|PL|PT|CH|FI|SE|GB|JP","v1:a35e6cc8ddac4d7199b0e7ad6ff404dc5b8f9d32e2102b139f3f8cd93eb91be0","trustpilot"
"TryHackMe","http","tryhackme.com","GET","true","true","downdetector","GB","v1:77579fc142e20d7a83e55389e22c14bc19e9495099b7c9fbfbf399c4847ae11a","tryhackme"
"Tubi","http","tubitv.com","GET","true","true","downdetector","GB","v1:35f47227b35c95d487e68f89bf737d6a8cdd836b13369ad2522ff328a8cacc7c","tubi"
"Tumblr","http","www.tumblr.com","GET","true","true","downdetector","AU|CA|DE|ES|FR|IN|IE|IT|NL|AT|PL|CH|SG|FI|SE|GB|PK","v1:f53611eda00fef94d5ea63249550004b1456804f8941c9aa2703b65ad5e5c532","tumblr"
"TuneIn","http","tunein.com","GET","true","true","downdetector","AU|BE|CA|DE|FR|HK|IE|NL|CH|SE|GB","v1:ba6c6f2bb689921cda8204b4649e8975f8c8ce778e9eb9d4d0b2f70de612e5ee","tunein"
"TunnelBear","http","www.tunnelbear.com","GET","true","true","downdetector","AR|AU|BE|CA|CZ|CL|CO|DK|DE|EC|ES|FR|HK|HR|IN|ID|IE|IT|HU|MY|MX|NL|NZ|NO|AT|PE|PH|PL|PT|RO|CH|SG|SK|ZA|FI|SE|TR|GB|GR|IL|AE|PK|TW|JP","v1:42bb0de366168e8a0c73917029201732c4ba85327fe59fc5d86f8d0c6e6edb44","tunnelbear"
"Turkish Airlines","http","www.turkishairlines.com","GET","true","true","downdetector","AR|BE|CA|CZ|CL|CO|DK|DE|EC|ES|FR|HK|HR|IN|ID|IE|IT|HU|MY|MX|NL|NO|AT|PH|PL|PT|RO|CH|SG|SK|ZA|FI|SE|TR|GB|GR|IL|AE|PK|TW|JP","v1:156fa1b3c793bb3d26bc6b3314065805cd0a9f1478dc8e6f1888d83f51805532","turkish-airlines"
"TV4 Play","http","tv4play.se","GET","true","true","downdetector","SE","v1:0ee1e9a54d91dd454776e085c32820db93bfb4087b14a6044f01d96eab080c5a","tv4-play"
"Twitch","http","twitch.tv","GET","true","true","downdetector","AR|AU|BE|CA|CZ|CL|CO|DK|DE|EC|ES|FR|GT|HK|HR|IN|ID|IE|IT|KE|HU|MY|MX|NL|NZ|NG|NO|AT|PY|PE|PH|PL|PT|PR|RO|CH|SG|SI|SK|ZA|FI|SE|TR|GB|UY|GR|RS|UA|IL|AE|BH|MA|PK|TW|JP","v1:cbc0eef836e9f4b894470d1a4fa0c4cd8830d2efa2207a020219a9aec7816cfb","twitch"
"Uber","http","uber.com","GET","true","true","downdetector","AR|AU|BE|CA|CZ|CL|CO|DK|DE|EC|ES|FR|GT|HK|HR|IN|ID|IE|IT|KE|HU|MY|MX|NL|NZ|NG|NO|AT|PY|PE|PH|PL|PT|PR|RO|CH|SG|SI|SK|ZA|FI|SE|TR|GB|UY|GR|RS|UA|IL|AE|BH|MA|PK|TW|JP","v1:96e8eafbf7a105990fd3722f5d0507d35b32da86de3286409396134bd97e3ba6","uber"
"Uber Eats","http","ubereats.com","GET","true","true","downdetector","AU|CA|ES|FR|IN|IE|IT|MX|NL|NZ|PL|ZA|GB|JP","v1:2349d930691d5dd77ff8a45182e7541adffbee21a77f1227f99f4dd856ff8ccb","uber-eats"
"Ubisoft Connect","http","ubisoftconnect.com","GET","true","true","downdetector","AR|AU|BE|CA|CZ|CL|CO|DK|DE|EC|ES|FR|GT|HK|HR|IN|ID|IE|IT|KE|HU|MY|MX|NL|NZ|NG|NO|AT|PY|PE|PH|PL|PT|PR|RO|CH|SG|SI|SK|ZA|FI|SE|TR|GB|UY|GR|RS|UA|IL|AE|BH|MA|PK|TW|JP","v1:721bffe15e55bb516312194ff95b36369d320849fff27ea3b47e04c55554d305","ubisoft-connect"
"Ubuntu","http","ubuntu.com","GET","true","true","downdetector","AR|AU|BE|CA|CZ|CL|CO|DK|DE|EC|ES|FR|GT|HK|HR|IN|ID|IE|IT|KE|HU|MY|MX|NL|NZ|NG|NO|AT|PE|PH|PL|PT|PR|RO|CH|SG|SK|ZA|FI|SE|TR|GB|GR|RS|UA|IL|AE|BH|MA|PK|TW|JP","v1:526cddbf2b10d4985f0c27ccc661fdf136e426ba9e34819f4d4ae695033c229c","ubuntu"
"Udemy","http","udemy.com","GET","true","true","downdetector","AR|AU|CA|CL|CO|DE|ES|FR|IN|IE|MX|NL|NZ|PL|PT|RO|SK|ZA|TR|GB|PK|TW|JP","v1:238ddce11637b1154cee3a055c1ba3dcd33ccb18dd9aeef41bfb84718c0b8103","udemy"
"UFC","http","www.ufc.com","GET","true","true","downdetector","AU|CA|DE|FR|NZ|PL|CH|GB","v1:0b6ea5f702dc727b992e28d53199bd21acfcb7db02593cbe81b1284c331df1a7","ufc"
"Ultralytics","http","www.ultralytics.com","GET","true","true","downdetector","GB","v1:50f19798da998605080ab17e6de8ef2fdc4b67256f5078fa176c30d0e832842e","ultralytics"
"Ulule","http","ulule.com","GET","true","true","downdetector","BE|CA|DK|DE|FR|IE|NZ|NO|AT|CH|SE|GB","v1:150703f04777d5c6e7153c79aa2980c165a8e4db62e0671f4949417e169bda7d","ulule"
"Uncharted","http","www.playstation.com","GET","true","true","downdetector","AR|AU|BE|CA|CZ|CL|CO|DK|DE|EC|ES|FR|GT|HK|HR|IN|ID|IE|IT|KE|HU|MY|MX|NL|NZ|NG|NO|AT|PY|PE|PH|PL|PT|PR|RO|CH|SG|SI|SK|ZA|FI|SE|TR|GB|UY|GR|RS|UA|IL|AE|BH|MA|PK|TW|JP","v1:fce9e2831d4149b0868b5f155b94f5c31d884c02f6ef02623d555ada346f4ea2","uncharted"
"United Airlines","http","www.united.com","GET","true","true","downdetector","AU|CA","v1:364a53af0db471a52a0b41b3f9dba81f6598531e9035bea70c76cfbf5570db86","united-airlines"
"Unplex AI","http","www.unplex.ai","GET","true","true","downdetector","AU|BE|CA|DE|ES|FR|IE|IT|MX|NL|AT|PL|CH|SG|ZA|SE|GB|JP","v1:6583684e944ea0ddc159022d27db68cf1d00fa6a8f4a5d7b8ad401292f8a2f11","unplex-ai"
"Untappd","http","untappd.com","GET","true","true","downdetector","NL","v1:c35411cb52933d924362b0c493a33e61095260f128e4c21589a4722c99fefbe2","untappd"
"UpdraftPlus","http","updraftplus.com","GET","true","true","downdetector","AR|AU|BE|CA|CZ|CL|CO|DK|DE|EC|ES|FR|HK|HR|IN|ID|IE|IT|HU|MY|MX|NL|NZ|NO|AT|PE|PH|PL|PT|RO|CH|SG|SK|ZA|FI|SE|TR|GB|GR|AE|PK|JP","v1:bd61a1b94dec39184bb91fbaeff3ff04566ab07505846913e821f1885e226f51","updraftplus"
"UPS","http","ups.com","GET","true","true","downdetector","CA|IT|GB|IL","v1:06b7d26eeaa7ec1e8a778bf1f8b6f722060c0aceafd26273804ace3283b104c9","ups"
"Valheim","http","valheimgame.com","GET","true","true","downdetector","AR|AU|BE|CA|CZ|CL|CO|DK|DE|EC|ES|FR|GT|HK|HR|IN|ID|IE|IT|KE|HU|MY|MX|NL|NZ|NG|NO|AT|PY|PE|PH|PL|PT|PR|RO|CH|SG|SI|SK|ZA|FI|SE|TR|GB|UY|GR|RS|UA|IL|AE|BH|MA|PK|TW|JP","v1:88c2c7bc71ba673dab500f05105d197658416bdd8b34392dec2ad0ca9e62afda","valheim"
"VanEck","http","www.vaneck.com.au","GET","true","true","downdetector","AU","v1:d63412f24c8f539386a7a52c17df044c94bf640933bee4f421f8a366a7d88007","vaneck"
"VanEck","http","www.vaneck.com","GET","true","true","downdetector","BE|CA|CL|DK|DE|ES|FR|IE|IT|MX|NL|NO|AT|PE|PL|PT|CH|FI|SE|GB","v1:11e294a3c004c72b598e139e547fb1f2b720c21f11a74aed76c868118f46556f","vaneck"
"Venice","http","venice.ai","GET","true","true","downdetector","AR|AU|BE|CA|CZ|CL|CO|DK|DE|EC|ES|FR|GT|HK|HR|IN|ID|IE|IT|KE|HU|MY|MX|NL|NZ|NG|NO|AT|PE|PH|PL|PT|PR|RO|CH|SG|SK|ZA|FI|SE|TR|GB|GR|RS|UA|IL|AE|BH|MA|PK|TW|JP","v1:eff0d1160c7c527c5973b8f49bc9972842cc264806e0ce6602d598c9ceb14b40","venice"
"Venmo","http","venmo.com","GET","true","true","downdetector","AU|CA|DE|EC|ES|FR|IN|IT|MX|NL|PH|GB|JP","v1:aa5ba234245a79d6de93e9803d8f90707e07b2f9012b16a62c1298914387b2d0","venmo"
"Vercel","http","vercel.com","GET","true","true","downdetector","AU|CA|GB","v1:60da3365aa9846d010163b6c97f7a8fa9b83419e9f2543a525cbb49384d1fecf","vercel"
"Viber","http","www.viber.com","GET","true","true","downdetector","AR|AU|BE|CA|CZ|CL|CO|DK|DE|EC|ES|FR|GT|HK|HR|IN|ID|IE|IT|KE|HU|MY|MX|NL|NZ|NG|NO|AT|PY|PE|PH|PL|PT|PR|RO|CH|SG|SI|SK|ZA|FI|SE|TR|GB|UY|GR|RS|UA|IL|AE|BH|MA|PK|TW|JP","v1:bdf4bcd148668c734118f2e0b3df99133e5f7f643e41043936d0986ac36ad774","viber"
"Vimeo","http","vimeo.com","GET","true","true","downdetector","AR|AU|BE|CA|CZ|CL|CO|DK|DE|EC|ES|FR|GT|HK|HR|IN|ID|IE|IT|KE|HU|MY|MX|NL|NZ|NG|NO|AT|PY|PE|PH|PL|PT|PR|RO|CH|SG|SI|SK|ZA|FI|SE|TR|GB|UY|GR|RS|UA|IL|AE|BH|MA|PK|TW|JP","v1:ebac80a720afaf5cc793af83f56400ab55aa8f0dda6ac769c465655477f7dbe2","vimeo"
"Vinted","http","www.vinted.com","GET","true","true","downdetector","AU|SG|ZA|JP","v1:85cc27faca564ec1b3a30558fb376fe5e5627dcc17006d6ef9b4d5b70e92669d","vinted"
"Vinted","http","vinted.be","GET","true","true","downdetector","BE","v1:c053ceb848e696276dd7886154b750ec707d50f58bb26b5ddf11edc65711a3e2","vinted"
"Vinted","http","vinted.ca","GET","true","true","downdetector","CA","v1:f311cf5c41827ed7a4c7172a606984b8c4bd74c1bc8072be040b7fddaa0eab9d","vinted"
"Vinted","http","vinted.cz","GET","true","true","downdetector","CZ","v1:b6f72a02b920d2323029e1bc3794be34dca66445ea056d5916e9c7dd194c2e4c","vinted"
"Vinted","http","vinted.dk","GET","true","true","downdetector","DK","v1:be439ff5d6b426cfbbe90846870988783387396e8ea1aee0a9522106f0bcc3a5","vinted"
"Vinted","http","vinted.de","GET","true","true","downdetector","DE","v1:11e51648d77160c99271e5572ab8513a8fd330df3e03997ecfa997775b69b0b3","vinted"
"Vinted","http","vinted.es","GET","true","true","downdetector","ES","v1:7533323e46b8a8df4e0a59185ea13cd71a0b170ed60b3016133bdf5ce00bea58","vinted"
"Vinted","http","vinted.fr","GET","true","true","downdetector","FR","v1:2c4507f90b11cb7ca3cca6559c634b93c4b06e4d138f062fafed943b30e253ec","vinted"
"Vinted","http","vinted.ie","GET","true","true","downdetector","IE","v1:bbfadcdf85557897323b063cea19dd5a28042494dd5692af0677364abd43e603","vinted"
"Vinted","http","vinted.it","GET","true","true","downdetector","IT","v1:f87c58c2bbb4eb1efaa7cadc62f3bbcb06da9e38102ba4152bc4cc2dc319f411","vinted"
"Vinted","http","vinted.hu","GET","true","true","downdetector","HU","v1:9a9e108f77b4236f3aaa82036ce337d3962a442f78d4429c44a90285913c8fcd","vinted"
"Vinted","http","vinted.nl","GET","true","true","downdetector","NL","v1:f14077dbda51ef784d539b8048604addf8740df06fdfe118c025032333d21a03","vinted"
"Vinted","http","vinted.at","GET","true","true","downdetector","AT","v1:d4c0d6b2bb1c66abf3bf4f2a526dda7e3ddf15d4a47595217b58b1b2303eb643","vinted"
"Vinted","http","vinted.pl","GET","true","true","downdetector","PL","v1:9e7b1222b6241855e586c1c0f76c529fe7daf4dd70adf2df029bfa2014ca1e65","vinted"
"Vinted","http","vinted.pt","GET","true","true","downdetector","PT","v1:ab727cb9a73efb328081c164f863ec730cc351c5112e3f4ba9979ebae5eaebea","vinted"
"Vinted","http","vinted.ro","GET","true","true","downdetector","RO","v1:3ac0c86a71deac776b80dd1627ac527af31cb29efc9fb38bc7ae55a554d10599","vinted"
"Vinted","http","vinted.sk","GET","true","true","downdetector","SK","v1:22b52b6e4f5f0b50c1012a365eebcec3d7a91fe96fd505a3163d113e10c8f0db","vinted"
"Vinted","http","vinted.fi","GET","true","true","downdetector","FI","v1:5868e84159be6282c3309041a193ea987ecec8198effd16c2c15971ca3548e52","vinted"
"Vinted","http","vinted.se","GET","true","true","downdetector","SE","v1:af0f001a63bc4a6caf668ed9ac7b854bc73e5dfea08aeacb4e914f4db2aa09f5","vinted"
"Vinted","http","vinted.co.uk","GET","true","true","downdetector","GB","v1:505bedda1f4d6fab33fca8320ee54378e348167452e8f7a37c83818d609204fe","vinted"
"Virgin Atlantic","http","www.virginatlantic.com","GET","true","true","downdetector","GB","v1:d089c78885147cf9aa4fc851211ea786ce120ee045aff217ce7c55958c8a8273","virgin-atlantic"
"VirtualComputing.nl","http","virtualcomputing.nl","GET","true","true","downdetector","NL","v1:9fbb8bbb4978a0abbc829c2f3e8b57da17707aab48bffe977c858b4bd47057bd","virtualcomputing-nl"
"Visa","http","visa.com","GET","true","true","downdetector","AR|AU|BE|CA|CZ|CL|CO|DK|DE|EC|ES|FR|GT|HK|HR|IN|ID|IE|IT|KE|HU|MY|MX|NL|NZ|NG|NO|AT|PY|PE|PH|PL|PT|PR|RO|CH|SG|SI|SK|ZA|FI|SE|TR|GB|UY|GR|RS|UA|IL|AE|BH|MA|PK|TW|JP","v1:654b8ef83f1f648556413f5811c6f4cf55a25bfc07ee29d550586151292e7d5b","visa"
"Vodafone","http","vodafone.com.au","GET","true","true","downdetector","AU","v1:3286d5ed45e9fd684c825a93ec479b1be688748979ade930c701109f3967ed62","vodafone"
"Vodafone","http","vodafone.cz","GET","true","true","downdetector","CZ","v1:fc257ef73c2a7cf77530f32dfc75f9f6cef526ad80f8364dfecfa29f3b82fe9e","vodafone"
"Vodafone","http","vodafone.de","GET","true","true","downdetector","DE","v1:d89898c2cc459ca68f87b2088c0d28183fbd12c319696fa8f8cb3b520daf5db5","vodafone"
"Vodafone","http","vodafone.es","GET","true","true","downdetector","ES","v1:2362afcc0d33902549bd601dbb7b7ff16a53a1b501feb4fe04c14ae99a7bbdea","vodafone"
"Vodafone","http","vodafone.ie","GET","true","true","downdetector","IE","v1:01f13f18733c9cfb17affdb7929c8d78dd8bcb97d54bc3f85103e26f91009cd2","vodafone"
"Vodafone","http","vodafone.it","GET","true","true","downdetector","IT","v1:d6481efe07b3a11616dd2aac4a96d60c937bcda2e25bacdb3130f17cc528e640","vodafone"
"Vodafone","http","vodafone.nl","GET","true","true","downdetector","NL","v1:7a0e7bf0dfa2bc48e58c3383a37a9ab1e02d0c80485b098572b0fe45aed5c6d8","vodafone"
"Vodafone","http","vodafone.pt","GET","true","true","downdetector","PT","v1:9d5544b6edd195b247cc515deae9598071641991e5abf7fa759334490e673ce4","vodafone"
"Vodafone","http","vodafone.ro","GET","true","true","downdetector","RO","v1:cd7ad30f241ca321c83c70abb3930ffe2b3ecb5e569433a9630894ae2ec3ea98","vodafone"
"Vodafone","http","vodafone.com.tr","GET","true","true","downdetector","TR","v1:e751d0fde11f1fe927754567b433ee7742647d2ac2a1fb7955eee4949a3bf240","vodafone"
"Vodafone","http","vodafone.co.uk","GET","true","true","downdetector","GB","v1:7cb37c617de4da2f0ee913a05c6b2e3985983c1b7126ee01d6938f420fff437b","vodafone"
"Vodafone","http","vodafone.gr","GET","true","true","downdetector","GR","v1:a47621cd8a72c5aa0ec4e424c6972799bbbd7d6f83478d057c442eb623aceef7","vodafone"
"Volvo","http","volvocars.com","GET","true","true","downdetector","AR|AU|BE|CA|CZ|CL|CO|DK|DE|EC|ES|FR|GT|HK|HR|IN|ID|IE|IT|KE|HU|MY|MX|NL|NZ|NG|NO|AT|PE|PH|PL|PT|PR|RO|CH|SG|SK|ZA|FI|SE|TR|GB|GR|RS|UA|IL|AE|BH|MA|PK|TW|JP","v1:ccdb9b6ef49e5864942cadbf3c2c382d86c7da0ed987ed92156b9752d4ec3d69","volvo"
"Vonage","http","www.vonage.com","GET","true","true","downdetector","AR|AU|BE|CA|CZ|CL|CO|DK|DE|EC|ES|FR|GT|HK|HR|IN|ID|IE|IT|KE|HU|MY|MX|NL|NZ|NG|NO|AT|PE|PH|PL|PT|PR|RO|CH|SG|SK|ZA|FI|SE|TR|GB|GR|RS|UA|IL|AE|BH|MA|PK|TW|JP","v1:9d1bce8de4946b20be7e5acb1da8e5677733029d0bf176e55774dabcfbd326fe","vonage"
"VPSHosting.nl","http","vpshosting.nl","GET","true","true","downdetector","NL","v1:293691a0019eaa1752b5eb20de3fd4b56c98c10e2faf675987d3468c66a3d95b","vpshosting-nl"
"VPSServer.nl","http","vpsserver.nl","GET","true","true","downdetector","NL","v1:57c736da8c598affa39538e389b99b6aec741af7bacea7e93ade7bca63cb0aa9","vpsserver-nl"
"VRChat","http","vrchat.com","GET","true","true","downdetector","AU|CA|DK|DE|ES|FR|HR|ID|IT|HU|NZ|NO|PH|PL|SG|SE|GB|JP","v1:376034117f6fb4c3f141b7c62f6f128fbfeff2ff67a0d523b38d6cbb84656cbb","vrchat"
"VW We Connect","http","www.myvolkswagen.net","GET","true","true","downdetector","AR|AU|BE|CA|CZ|CL|CO|DK|DE|EC|ES|FR|GT|HK|HR|IN|ID|IE|IT|KE|HU|MY|MX|NL|NZ|NG|NO|AT|PE|PH|PL|PT|PR|RO|CH|SG|SK|ZA|FI|SE|TR|GB|GR|RS|UA|IL|AE|BH|MA|PK|TW|JP","v1:b78020675ffb41cce2f48c2044033e761e8842fccee4af25889eb0f28c8960a7","vw-we-connect"
"VyprVPN","http","www.vyprvpn.com","GET","true","true","downdetector","AR|AU|BE|CA|CZ|CL|CO|DK|DE|EC|ES|FR|HR|ID|IE|IT|HU|MY|MX|NL|NZ|NO|AT|PE|PH|PL|PT|RO|CH|SG|SK|FI|GB|GR|IL|TW|JP","v1:cbdb178f52460daee218511852137cc44e3608f73a15e6c819545a9f71e2ddfe","vyprvpn"
"Waipu.tv","http","waipu.tv","GET","true","true","downdetector","DE","v1:21b424d2345825d868d77103aa46ab347886c1cfdd168c97101b3433c017867e","waipu-tv"
"War Thunder","http","warthunder.com","GET","true","true","downdetector","AR|AU|BE|CA|CZ|CL|CO|DK|DE|EC|ES|FR|HK|HR|IN|ID|IE|IT|HU|MY|MX|NL|NZ|NO|AT|PE|PH|PL|PT|RO|CH|SG|SK|ZA|FI|SE|TR|GB|GR|AE|PK|JP","v1:67ba225a7d9a968486127637f6b00aa004153ffcffb5325c0e2df68f206cf6b7","war-thunder"
"Warframe","http","www.warframe.com","GET","true","true","downdetector","AR|AU|BE|CA|CZ|CL|CO|DK|DE|EC|ES|FR|HK|IN|IE|IT|HU|MY|MX|NL|NZ|NO|AT|PE|PH|PL|PT|RO|CH|SG|SK|ZA|FI|SE|TR|GB|GR|AE|PK|JP","v1:2734ef247c539e530c7d67a125ba7abdc451df9e220c56c9832de80c29ce968a","warframe"
"Wattpad","http","wattpad.com","GET","true","true","downdetector","AU|CA|DE|IN|IE|NZ|PH|GB|PK","v1:a3452734c16fc3ea70921aff25926175abb31bc18c588b3686ebbbbeff077828","wattpad"
"Waze","http","www.waze.com","GET","true","true","downdetector","AR|AU|BE|CA|CZ|CL|CO|DK|DE|EC|ES|FR|GT|HK|HR|IN|ID|IE|IT|KE|HU|MY|MX|NL|NZ|NG|NO|AT|PY|PE|PH|PL|PT|PR|RO|CH|SG|SI|SK|ZA|FI|SE|TR|GB|UY|GR|RS|UA|IL|AE|BH|MA|PK|TW|JP","v1:37eca33b2ea3757dd29bbad120388ed38f3b55ae9f11228359fe25165f742cd1","waze"
"WEB.DE","http","web.de","GET","true","true","downdetector","DE|CH","v1:5d51aac567910c4f50c71e86178f736402c474e5c0757f92782d9aaaf6ca80b8","web-de"
"Webflow","http","webflow.com","GET","true","true","downdetector","CA|GB","v1:dfef4ac6802a3ead4821c7d173e24527fb07b76ce7773e76aef34ee10925a2d6","webflow"
"Webtoon","http","webtoons.com","GET","true","true","downdetector","AR|AU|BE|CA|CZ|CL|CO|DK|DE|EC|ES|FR|HK|HR|IN|ID|IE|IT|HU|MY|MX|NL|NZ|NO|AT|PE|PH|PL|PT|RO|CH|SG|SK|ZA|FI|SE|TR|GB|GR|AE|PK|JP","v1:d15ee9e58be30681d5b8436dc8bfbee11c22e3d9b6ba99827cb7373674bb3820","webtoon"
"WeChat","http","wechat.com","GET","true","true","downdetector","AR|AU|BE|CA|CZ|CL|CO|DK|DE|EC|ES|FR|GT|HK|HR|IN|ID|IE|IT|HU|MY|MX|NL|NZ|NG|NO|AT|PE|PH|PL|PT|PR|RO|CH|SG|SK|ZA|FI|SE|TR|GB|GR|RS|UA|IL|AE|BH|MA|PK|TW|JP","v1:14f1124cbd84e3a7c4bd670defd015897a39539617cfa0a78e0bee5d0322a84d","wechat"
"Weeronline.nl","http","weeronline.nl","GET","true","true","downdetector","NL","v1:96c470c401cdc47d3c2e46058bdfa42def408251d47c0b6da121a6d654fe611d","weeronline-nl"
"Western Union","http","www.westernunion.com","GET","true","true","downdetector","AR|AU|BE|CA|CZ|CL|CO|DK|DE|EC|ES|FR|HK|HR|IN|ID|IE|IT|HU|MY|MX|NL|NZ|NO|AT|PE|PH|PL|PT|RO|CH|SG|SK|ZA|FI|SE|TR|GB|GR|IL|AE|PK|TW|JP","v1:9c36bae5a42886efbc03743c3173688d2085dff1d7c11abd9da4e890f804d669","western-union"
"WeTransfer","http","wetransfer.com","GET","true","true","downdetector","AR|AU|BE|CA|CL|CO|DE|EC|FR|IN|IT|MX|NL|NZ|PH|PL|ZA|GB","v1:0ac57538af042d9ec84dc1c20a0858e9d239d8f05d994a8876d605d4dd8dbbcd","wetransfer"
"Wetter.com","http","wetter.com","GET","true","true","downdetector","DE","v1:49d536657df92a482e2624180a931c145677eff720b2e2b6e407d07ddb49fb30","wetter-com"
"WhatsApp Business","http","whatsappbusiness.com","GET","true","true","downdetector","AR|AU|BE|CA|CZ|CL|CO|DK|DE|EC|ES|FR|HK|HR|IN|ID|IE|IT|HU|MY|MX|NL|NZ|NO|AT|PE|PH|PL|PT|RO|CH|SG|SK|ZA|FI|SE|TR|GB|GR|AE|PK|JP","v1:98829ec19cd1672dc20a9dab4ee1b232a5a2a9a64400ac33e2315f0cc9d3862f","whatsapp-business"
"Who.is","http","who.is","GET","true","true","downdetector","GB","v1:cc889c0fc561345c0dc3e4a84b4b553d9c3bc74f0bcb92ba39af3b502078c1b0","who-is"
"Wilhelm.tel","http","wilhelm.tel","GET","true","true","downdetector","DE","v1:553de27d2f6c6983e18957dfb47a34cf96c5a6b2e912d0db3fe61208785b001e","wilhelm-tel"
"Willhaben.at","http","willhaben.at","GET","true","true","downdetector","AT","v1:71e4ea871512aca8b8cede02347d6371a6523a5a980d893057b27deb68f1d15f","willhaben-at"
"Windows 365","http","windows.cloud.microsoft","GET","true","true","downdetector","AR|AU|BE|CA|CZ|CL|CO|DK|DE|EC|ES|FR|HK|HR|IN|ID|IE|IT|HU|MY|MX|NL|NZ|NO|AT|PE|PH|PL|PT|RO|CH|SG|SK|ZA|FI|SE|TR|GB|GR|IL|AE|PK|TW|JP","v1:5119a1f5e75f22281193ae16e7a7c96f3f4fa15a7138d54c70d833f30a73aee5","windows-365"
"Wire","http","wire.com","GET","true","true","downdetector","DE","v1:ea0122c2f32e8f2879e488a65d1418b1bce8d391aca8351fabc21ce678f319eb","wire"
"Wise","http","wise.com","GET","true","true","downdetector","AR|AU|BE|CA|CZ|CL|CO|DK|DE|EC|ES|FR|GT|HK|HR|IN|ID|IE|IT|KE|HU|MY|MX|NL|NZ|NG|NO|AT|PY|PE|PH|PL|PT|PR|RO|CH|SG|SI|SK|ZA|FI|SE|TR|GB|UY|GR|RS|UA|IL|AE|BH|MA|PK|TW|JP","v1:3b3e17fac569667428a93ebf1f8997857f13668d0f2c439417bf73579df25851","wise"
"Wish","http","wish.com","GET","true","true","downdetector","AU|CA|DE|IE|NL|GB","v1:814830e86e5066694adc037f75d7532dc4feabe8ffe09f50d8e4c2a3f5cca1ce","wish"
"Wix","http","www.wix.com","GET","true","true","downdetector","AU|CA|IE|GB|JP","v1:61e79d78f0989ab71702fe7eafdeda48fef4cb8db22de3e81f618cb884c0735d","wix"
"Wizz Air","http","wizzair.com","GET","true","true","downdetector","IT|GB","v1:3b5d99ce81447b1ada64e3fbfead91052593f965722c71943dd2e63ba4e43839","wizz-air"
"Wordpress.com","http","wordpress.com","GET","true","true","downdetector","AR|AU|BE|CA|CZ|CL|CO|DK|DE|EC|ES|FR|GT|HK|HR|IN|ID|IE|IT|KE|HU|MY|MX|NL|NZ|NG|NO|AT|PY|PE|PH|PL|PT|PR|RO|CH|SG|SI|SK|ZA|FI|SE|TR|GB|UY|GR|RS|UA|IL|AE|BH|MA|PK|TW|JP","v1:a9023fdb7a4b319dbad7d56a1fc3ef60e6bbccefa10972545ceeca69e97f9463","wordpress-com"
"World of Tanks","http","worldoftanks.asia","GET","true","true","downdetector","AU","v1:eb27ebcb0c2dc90a0f96f1a3d87e7ca875a96de42cc3f668f434e0622614c63f","world-of-tanks"
"World of Tanks","http","worldoftanks.com","GET","true","true","downdetector","CA","v1:98d932a2a8a2edc3004dc0c8156f90028fd1214765ed49e347adcf7e8f54e60b","world-of-tanks"
"World of Tanks","http","worldoftanks.eu","GET","true","true","downdetector","CZ|DE|FR|NL|AT|PL|FI|SE|GB","v1:015260f8511f609f2e7d3f6e83eccb7a55fd566f1067c4f374b8b635d7aadde4","world-of-tanks"
"WP Engine","http","wpengine.com","GET","true","true","downdetector","AR|AU|BE|CA|CZ|CL|CO|DK|DE|EC|ES|FR|GT|HK|HR|IN|ID|IE|IT|KE|HU|MY|MX|NL|NZ|NG|NO|AT|PY|PE|PH|PL|PT|PR|RO|CH|SG|SI|SK|ZA|FI|SE|TR|GB|UY|GR|RS|UA|IL|AE|BH|MA|PK|TW|JP","v1:66ae56a60be6aa1a9fc2ef51e214ca271586268d9b6778eddefb954266600fe6","wp-engine"
"Wykop.pl","http","wykop.pl","GET","true","true","downdetector","PL","v1:8baa98734d753a217ef14d1ca38d175e8088c8b08e6f83ee8af49c787fd3ac74","wykop-pl"
"Wyze","http","www.wyze.com","GET","true","true","downdetector","CA|NL|GB","v1:3a807f08ea60cedf8b4538c92e9586f39d5ee6b6affc6a6b8db0618e557dd4b0","wyze"
"x.ai","http","x.ai","GET","true","true","downdetector","DE","v1:41ba41e8612185f9b83793fdd961776dafb24c92c508846e3322f04a0ee0e7b9","x-ai"
"Xbox Network (Xbox Live)","http","support.xbox.com","GET","true","true","downdetector","AR|AU|BE|CA|CZ|CL|CO|DK|DE|EC|ES|FR|GT|HK|HR|IN|ID|IE|IT|KE|HU|MY|MX|NL|NZ|NG|NO|AT|PE|PH|PL|PT|PR|RO|CH|SG|SK|ZA|FI|SE|TR|GB|GR|RS|UA|IL|AE|BH|MA|PK|TW|JP","v1:642aced0546ca9a0abdc465ce1e41aec5f31a377cc00abceedc06cb9f341224b","xbox-network-xbox-live"
"Xero","http","www.xero.com","GET","true","true","downdetector","AU|NZ|ZA|GB","v1:5a9114c4d10a2d6460ff4f8de9e0101a09ee05a7df2d088ce36afa2f90e230f4","xero"
"Xing","http","xing.com","GET","true","true","downdetector","DE","v1:eebe34d0da4e8e58185eed8cda9ff4680b1f3f8dbcc059658a118d339219a4ca","xing"
"Yahoo","http","yahoo.com","GET","true","true","downdetector","AU|CA|ES|FR|IN|IE|IT|MX|NZ|NO|PH|PT|SG|ZA|GB|IL|AE","v1:e16bcea65c4bdb810475295bfd8ea34e9f4f6c9ba398d50317c241c9d70729c9","yahoo"
"Yahoo","http","tw.yahoo.com","GET","true","true","downdetector","TW","v1:fb34596c703b4993f8395619affa450f957ce19295aea58c35e8a6af3c4fd739","yahoo"
"Yahoo","http","www.yahoo.co.jp","GET","true","true","downdetector","JP","v1:5e0caa464dd8dfbc31505610e5385b62d346c9e552bebd280b4181b0a59819c3","yahoo"
"Yelp","http","www.yelp.com","GET","true","true","downdetector","AU|CA|GB","v1:63223f85924f1f0417424f8c01ca6f9801b61c56aee40aff2d060fec7f091468","yelp"
"You.com","http","you.com","GET","true","true","downdetector","CA|GB","v1:2d2d6b080dfcf6831b99c0b4494425d4b20a9a1c85b6dfeabee4951c911714fd","you-com"
"YouTube","http","www.youtube.com","GET","true","true","downdetector","AR|AU|BE|CA|CZ|CL|CO|DK|DE|EC|ES|FR|GT|HK|HR|IN|ID|IE|IT|KE|HU|MY|MX|NL|NZ|NG|NO|AT|PY|PE|PH|PL|PT|PR|RO|CH|SG|SI|SK|ZA|FI|SE|TR|GB|UY|GR|RS|UA|IL|AE|BH|MA|PK|TW|JP","v1:24e2d2ed7b29793a703da9ae4c42c5c4b7b1ce23524fbc5ad1a002896e23523f","youtube"
"Z.ai","http","z.ai","GET","true","true","downdetector","AR|AU|BE|CA|CZ|CL|CO|DK|DE|EC|ES|FR|GT|HK|HR|IN|ID|IE|IT|KE|HU|MY|MX|NL|NZ|NG|NO|AT|PE|PH|PL|PT|PR|RO|CH|SG|SK|ZA|FI|SE|TR|GB|GR|RS|UA|IL|AE|BH|MA|PK|TW|JP","v1:c392b5d1ce5a4cd082e7ded11b5318a7bbe71df635df17ac19c2301be47ebe08","z-ai"
"Z1 Battle Royale","http","www.daybreakgames.com","GET","true","true","downdetector","AU|BE|CA|DK|DE|ES|FR|IE|IT|NL|NZ|NO|AT|PL|PT|CH|FI|SE|GB","v1:1dbb4dc95f9c92a914ccd10f5c0c707b32942b1c7c948fcae738d637c0eba4ba","z1-battle-royale"
"Zabka","http","www.zabka.pl","GET","true","true","downdetector","PL","v1:593f2fccc4762e47812dd5a96fcd2c51cb125c5debf957b00d0b8dff620d40f2","zabka"
"Zalando","http","zalando.de","GET","true","true","downdetector","DE","v1:0008243dbf7c4dba1ada63b442b62e80bf1e42bbba642a4d4396fde305a9004a","zalando"
"Zalando","http","zalando.nl","GET","true","true","downdetector","NL","v1:eaa4a7c5163e60ecb0b549eba24a5975c9522da30e22280845fa8615bc426220","zalando"
"Zalando","http","zalando.co.uk","GET","true","true","downdetector","GB","v1:83480533755d04e04b4573391aef3c9e67250b385a684a4b6be1d95af805e70a","zalando"
"Zap","http","www.zaproxy.org","GET","true","true","downdetector","IL","v1:b490833bfe93aeeb9cb8f65c708c8fbd1a78c0e461c3158a5cc80b6d29785026","zap"
"ZDF","http","www.zdf.de","GET","true","true","downdetector","DE","v1:e707040d9b4bd077f7183a1a6c6a28e55f90cee61ec6ee747bd10873f43a4004","zdf"
"Zendesk","http","zendesk.com","GET","true","true","downdetector","AR|AU|CL|ES|IN|ID|IE|MX|NL|PH|PL|PT|SE|GB|JP","v1:a9373a4e16d60edeae323b79fc37e6c80bacd10a2b0c8ad1f265d6bc663ab10d","zendesk"
"Zerodha","http","zerodha.com","GET","true","true","downdetector","IN","v1:7fa60f28f69bc53e3832e03ac1c355fc2d27d1f1bb1092711dc69e4d9753d0d1","zerodha"
"Zerotier","http","www.zerotier.com","GET","true","true","downdetector","GB","v1:b4c99adff6afc6c548b1fbb260e5dffd8b0eef5552a47b260a3839b086895645","zerotier"
"Ziggo","http","ziggo.nl","GET","true","true","downdetector","NL","v1:c50d6b9444705348572a2d3bb787164f08fdea56f154e807e7073aa9d2f2b435","ziggo"
"Zilch","http","www.zilch.com","GET","true","true","downdetector","GB","v1:5fe1ed77b23fc6592d1b8cdc8cfacbbd2a5d1e148d05dd884745b0a96c68cde9","zilch"
"Zoho","http","www.zoho.com","GET","true","true","downdetector","DE|AT|CH","v1:e45bcb6b9943cd05c0fd854f7b1b990b82b6d8564ba97f0fb5a86ba5b41fbc81","zoho"
"ZoHo","http","www.zoho.com","GET","true","true","downdetector","AR|AU|BE|CA|CZ|CL|CO|DK|EC|ES|FR|HK|HR|IN|ID|IE|IT|HU|MY|MX|NL|NZ|NO|PE|PH|PL|PT|RO|SG|SK|ZA|FI|SE|TR|GB|GR|IL|AE|PK|JP","v1:7c7d476f421da6959b45db583451ea7cc88276d303fea0572ae6ba9f8cb5b358","zoho"
"Zomato","http","www.zomato.com","GET","true","true","downdetector","IN","v1:137347882471f597424215687fc8bb3deba2b9198490649bbf1a92dd591bb2b4","zomato"
"Zoom","http","zoom.us","GET","true","true","downdetector","AR|AU|BE|CA|CZ|CL|CO|DK|DE|EC|ES|FR|GT|HK|HR|IN|ID|IE|IT|KE|HU|MY|MX|NL|NZ|NG|NO|AT|PY|PE|PH|PL|PT|PR|RO|CH|SG|SI|SK|ZA|FI|SE|TR|GB|UY|GR|RS|UA|IL|AE|BH|MA|PK|TW|JP","v1:45cb18c856215723d83826554d02d41c288a2c2a2294bad4e42927eb5e5035bd","zoom"
"Zscaler","http","www.zscaler.com","GET","true","true","downdetector","AR|AU|BE|CA|CZ|CL|CO|DK|DE|EC|ES|FR|GT|HK|HR|IN|ID|IE|IT|KE|HU|MY|MX|NL|NZ|NG|NO|AT|PE|PH|PL|PT|PR|RO|CH|SG|SK|ZA|FI|SE|TR|GB|GR|RS|UA|IL|AE|BH|MA|PK|TW|JP","v1:7e6f65f4b153004335decf24a043766b8fd49fbb8878dc89a3cd7da29d6af3f0","zscaler"
"Zwift","http","www.zwift.com","GET","true","true","downdetector","AU|CA|IL","v1:7303562381f28eee183dd474018d7086173ace6a5d204ca0cd9d55f7fa307d30","zwift"
"Zwift","http","eu.zwift.com","GET","true","true","downdetector","BE|DE|ES|FR|IT|NL|PL","v1:35eb455f21563236e3ecdf07780c82bcf9d16770a329c06bb9e5a50582e86632","zwift"
"Zwift","http","uk.zwift.com","GET","true","true","downdetector","GB","v1:d89396125536c73be8d85f5b1ebaf1b2ffbc00d63a792d6627ba41dad6fa72f3","zwift"
"Zyn","http","www.zyn.com","GET","true","true","downdetector","AR|AU|BE|CA|CZ|CL|CO|DK|DE|EC|ES|FR|GT|HK|HR|IN|ID|IE|IT|HU|MY|MX|NL|NZ|NG|NO|AT|PE|PH|PL|PT|PR|RO|CH|SG|SK|ZA|FI|SE|TR|GB|GR|RS|UA|IL|AE|BH|PK|TW|JP","v1:29e1708251ce9ac34f1a397dce34f8419537b4833a5b5fe9d00d422af794672b","zyn"
